#
# A fatal error has been detected by the Java Runtime Environment:
#
#  SIGSEGV (0xb) at pc=0x000000010947fe38, pid=16963, tid=27139
#
# JRE version: OpenJDK Runtime Environment (13.0.2+8) (build 13.0.2+8)
# Java VM: OpenJDK 64-Bit Server VM (13.0.2+8, mixed mode, sharing, tiered, compressed oops, g1 gc, bsd-amd64)
# Problematic frame:
# C  [Python+0xcae38]  PyObject_RichCompare+0x32
#
# No core dump will be written. Core dumps have been disabled. To enable core dumping, try "ulimit -c unlimited" before starting Java again
#
# If you would like to submit a bug report, please visit:
#   http://bugreport.java.com/bugreport/crash.jsp
# The crash happened outside the Java Virtual Machine in native code.
# See problematic frame for where to report the bug.
#

---------------  S U M M A R Y ------------

Command Line: -Dfile.encoding=UTF8 -ea -Xmx1024m 

Host: MacBookPro11,4 x86_64 2500 MHz, 8 cores, 16G, Darwin 21.6.0
Time: Tue Jul 28 18:07:41 2026 KST elapsed time: 2101 seconds (0d 0h 35m 1s)

---------------  T H R E A D  ---------------

Current thread (0x00007fc6f5fad800):  JavaThread "SIGTERM handler" daemon [_thread_in_native, id=27139, stack(0x0000700017f60000,0x0000700018060000)]

Stack: [0x0000700017f60000,0x0000700018060000],  sp=0x000070001805f7c0,  free space=1021k
Native frames: (J=compiled Java code, A=aot compiled Java code, j=interpreted, Vv=VM code, C=native code)
C  [Python+0xcae38]  PyObject_RichCompare+0x32
C  [Python+0x22d163]  PyErr_SetInterruptEx+0x7b
j  org.jpype.JPypeSignal.interruptPy(I)V+0
j  org.jpype.JPypeSignal.lambda$getSignalHandler$0(ILjava/lang/Object;Ljava/lang/reflect/Method;[Ljava/lang/Object;)Ljava/lang/Object;+7
j  org.jpype.JPypeSignal$$Lambda$11.invoke(Ljava/lang/Object;Ljava/lang/reflect/Method;[Ljava/lang/Object;)Ljava/lang/Object;+7
j  com.sun.proxy.$Proxy2.handle(Lsun/misc/Signal;)V+16
j  sun.misc.Signal$InternalMiscHandler.handle(Ljdk/internal/misc/Signal;)V+8 jdk.unsupported@13.0.2
j  jdk.internal.misc.Signal$1.run()V+8 java.base@13.0.2
j  java.lang.Thread.run()V+11 java.base@13.0.2
v  ~StubRoutines::call_stub
V  [libjvm.dylib+0x39db4f]  _ZN9JavaCalls11call_helperEP9JavaValueRK12methodHandleP17JavaCallArgumentsP6Thread+0x285
V  [libjvm.dylib+0x39cf5c]  _ZN9JavaCalls12call_virtualEP9JavaValueP5KlassP6SymbolS5_P17JavaCallArgumentsP6Thread+0xe2
V  [libjvm.dylib+0x39d016]  _ZN9JavaCalls12call_virtualEP9JavaValue6HandleP5KlassP6SymbolS6_P6Thread+0x62
V  [libjvm.dylib+0x423d4e]  _ZL12thread_entryP10JavaThreadP6Thread+0x78
V  [libjvm.dylib+0x79d2d2]  _ZN10JavaThread17thread_main_innerEv+0x86
V  [libjvm.dylib+0x79d116]  _ZN10JavaThread3runEv+0x124
V  [libjvm.dylib+0x79af53]  _ZN6Thread8call_runEv+0x71
V  [libjvm.dylib+0x633c9c]  _ZL19thread_native_entryP6Thread+0x12f
C  [libsystem_pthread.dylib+0x64e1]  _pthread_start+0x7d
C  [libsystem_pthread.dylib+0x1f6b]  thread_start+0xf

Java frames: (J=compiled Java code, j=interpreted, Vv=VM code)
j  org.jpype.JPypeSignal.interruptPy(I)V+0
j  org.jpype.JPypeSignal.lambda$getSignalHandler$0(ILjava/lang/Object;Ljava/lang/reflect/Method;[Ljava/lang/Object;)Ljava/lang/Object;+7
j  org.jpype.JPypeSignal$$Lambda$11.invoke(Ljava/lang/Object;Ljava/lang/reflect/Method;[Ljava/lang/Object;)Ljava/lang/Object;+7
j  com.sun.proxy.$Proxy2.handle(Lsun/misc/Signal;)V+16
j  sun.misc.Signal$InternalMiscHandler.handle(Ljdk/internal/misc/Signal;)V+8 jdk.unsupported@13.0.2
j  jdk.internal.misc.Signal$1.run()V+8 java.base@13.0.2
j  java.lang.Thread.run()V+11 java.base@13.0.2
v  ~StubRoutines::call_stub

siginfo: si_signo: 11 (SIGSEGV), si_code: 1 (SEGV_MAPERR), si_addr: 0x0000000000000024

Register to memory mapping:

RAX=0x00007fc6facb4a48 points into unknown readable memory: 00 00 00 00 00 00 00 00
RBX=0x0 is NULL
RCX=0x00007fc6fac9f978 points into unknown readable memory: 41 c1 94 c1 00 01 0f 00
RDX=0x0000000000000002 is an unknown value
RSP=0x000070001805f7c0 is pointing into the stack for thread: 0x00007fc6f5fad800
RBP=0x000070001805f7f0 is pointing into the stack for thread: 0x00007fc6f5fad800
RSI=0x0000000109897790: _PyRuntime+0xaa0 in /usr/local/Cellar/python@3.12/3.12.12/Frameworks/Python.framework/Versions/3.12/Python at 0x00000001093b5000
RDI=0x0000000109896cd8: _Py_tss_tstate+0 in /usr/local/Cellar/python@3.12/3.12.12/Frameworks/Python.framework/Versions/3.12/Python at 0x00000001093b5000
R8 =0xc300000001450e1b is an unknown value
R9 =0x00000001450e1bb8 is at code_begin+24 in an Interpreter codelet
result handlers for native calls  [0x00000001450e1ba0, 0x00000001450e1bc0]  32 bytes
R10=0x00000001450e4c61 is at code_begin+897 in an Interpreter codelet
method entry point (kind = native)  [0x00000001450e48e0, 0x00000001450e5320]  2624 bytes
R11=0x00000007c0314378 is an oop: java.lang.Class 
{0x00000007c0314378} - klass: 'java/lang/Class'
R12=0x0 is NULL
R13=0x0000000109897770: _PyRuntime+0xa80 in /usr/local/Cellar/python@3.12/3.12.12/Frameworks/Python.framework/Versions/3.12/Python at 0x00000001093b5000
R14=0x0000000109897770: _PyRuntime+0xa80 in /usr/local/Cellar/python@3.12/3.12.12/Frameworks/Python.framework/Versions/3.12/Python at 0x00000001093b5000
R15=0x0000000109897790: _PyRuntime+0xaa0 in /usr/local/Cellar/python@3.12/3.12.12/Frameworks/Python.framework/Versions/3.12/Python at 0x00000001093b5000


Registers:
RAX=0x00007fc6facb4a48, RBX=0x0000000000000000, RCX=0x00007fc6fac9f978, RDX=0x0000000000000002
RSP=0x000070001805f7c0, RBP=0x000070001805f7f0, RSI=0x0000000109897790, RDI=0x0000000109896cd8
R8 =0xc300000001450e1b, R9 =0x00000001450e1bb8, R10=0x00000001450e4c61, R11=0x00000007c0314378
R12=0x0000000000000000, R13=0x0000000109897770, R14=0x0000000109897770, R15=0x0000000109897790
RIP=0x000000010947fe38, EFLAGS=0x0000000000010206, ERR=0x0000000000000004
  TRAPNO=0x000000000000000e

Top of Stack: (sp=0x000070001805f7c0)
0x000070001805f7c0:   00000001097be900 0000000109896cf0
0x000070001805f7d0:   0000000000000000 000000000000000f
0x000070001805f7e0:   0000000109897770 0000000000000000
0x000070001805f7f0:   000070001805f830 00000001095e2163
0x000070001805f800:   00000001387acae0 000000013b0b45d8
0x000070001805f810:   0000000000000000 000000013b0b45d8
0x000070001805f820:   000070001805f8b0 00007fc6f5fad800
0x000070001805f830:   000070001805f890 00000001450e4c90
0x000070001805f840:   00000001450e4996 000070001805f848
0x000070001805f850:   000000013b0b45d8 000070001805f8b0
0x000070001805f860:   000000013b0b47b0 0000000000000000
0x000070001805f870:   00000007c0314378 000000013b0b45d8
0x000070001805f880:   0000000000000000 000070001805f8b0
0x000070001805f890:   000070001805f900 00000001450defb3
0x000070001805f8a0:   00000007c0314378 00000001450e1bb8
0x000070001805f8b0:   000000000000000f 000070001805f8b8
0x000070001805f8c0:   000000013b0b471f 000070001805f928
0x000070001805f8d0:   000000013b0b47b0 0000000000000000
0x000070001805f8e0:   00000007c0314378 000000013b0b4728
0x000070001805f8f0:   000070001805f8b0 000070001805f910
0x000070001805f900:   000070001805f978 00000001450ded00
0x000070001805f910:   00000007c8700000 00000007c0316a50
0x000070001805f920:   00000007c0316c18 000000000000000f
0x000070001805f930:   000070001805f930 000000013b0af397
0x000070001805f940:   000070001805f9a0 000000013b0afc58
0x000070001805f950:   0000000000000000 00000007c0315e10
0x000070001805f960:   000000013b0af3a8 000070001805f910
0x000070001805f970:   000070001805f988 000070001805f9f0
0x000070001805f980:   00000001450dede6 00000007c8700000
0x000070001805f990:   00000007c0316a50 00000007c0316c18
0x000070001805f9a0:   00000007c0316c08 000070001805f9a8
0x000070001805f9b0:   000000013b0b5238 000070001805fa10 

Instructions: (pc=0x000000010947fe38)
0x000000010947fd38:   54 2b 00 0f 94 c3 49 8b 06 85 c0 79 1a 89 d8 5b
0x000000010947fd48:   41 5e 5d c3 bb 01 00 00 00 83 fa 02 74 ef 83 fa
0x000000010947fd58:   03 75 bd 31 db eb e6 48 ff c8 49 89 06 75 de 49
0x000000010947fd68:   8b 46 08 4c 89 f7 ff 50 30 eb d2 bb ff ff ff ff
0x000000010947fd78:   eb cb 4c 3b 35 9f 54 2b 00 74 79 31 db 4c 3b 35
0x000000010947fd88:   7c 54 2b 00 74 b0 48 8d 0d 8b 30 34 00 49 39 ce
0x000000010947fd98:   74 a4 48 8b 48 60 48 85 c9 74 09 48 8b 49 48 48
0x000000010947fda8:   85 c9 75 26 48 8b 48 70 48 85 c9 74 26 48 8b 09
0x000000010947fdb8:   48 85 c9 74 1e 4c 89 f7 ff d1 48 85 c0 bb 01 00
0x000000010947fdc8:   00 00 0f 4e d8 e9 6c ff ff ff 4c 89 f7 ff d1 48
0x000000010947fdd8:   98 eb e7 48 8b 40 68 48 85 c0 74 18 48 8b 00 bb
0x000000010947fde8:   01 00 00 00 48 85 c0 0f 84 49 ff ff ff 4c 89 f7
0x000000010947fdf8:   ff d0 eb c6 bb 01 00 00 00 e9 38 ff ff ff 55 48
0x000000010947fe08:   89 e5 41 57 41 56 41 55 41 54 53 50 49 89 f7 49
0x000000010947fe18:   89 fd 48 8d 3d b7 6e 41 00 ff 17 48 8b 18 4d 85
0x000000010947fe28:   ed 0f 84 7a 02 00 00 4d 85 ff 0f 84 71 02 00 00
0x000000010947fe38:   8b 43 24 8d 48 ff 89 4b 24 85 c0 0f 8e 88 02 00
0x000000010947fe48:   00 49 8b 47 08 49 8b 4d 08 40 b6 01 48 39 c1 48
0x000000010947fe58:   89 5d d0 0f 85 04 01 00 00 41 89 f4 49 8b 45 08
0x000000010947fe68:   48 8b 80 c8 00 00 00 48 85 c0 74 41 4c 89 ef 4c
0x000000010947fe78:   89 fe 41 89 d6 ff d0 48 89 c3 48 8d 05 a7 2f 34
0x000000010947fe88:   00 48 39 c3 74 19 48 8b 45 d0 ff 40 24 48 89 d8
0x000000010947fe98:   48 83 c4 08 5b 41 5c 41 5d 41 5e 41 5f 5d c3 48
0x000000010947fea8:   8b 05 82 2f 34 00 85 c0 44 89 f2 79 68 45 84 e4
0x000000010947feb8:   74 45 49 8b 47 08 48 8b 80 c8 00 00 00 48 85 c0
0x000000010947fec8:   74 35 41 89 d4 48 63 ca 48 8d 15 69 29 34 00 8b
0x000000010947fed8:   14 8a 4c 89 ff 4c 89 ee ff d0 48 89 c3 48 8d 05
0x000000010947fee8:   44 2f 34 00 48 39 c3 75 9d 48 8b 05 38 2f 34 00
0x000000010947fef8:   85 c0 44 89 e2 79 44 83 fa 02 0f 85 94 00 00 00
0x000000010947ff08:   4d 39 fd 0f 85 da 00 00 00 48 8d 1d c0 d6 32 00
0x000000010947ff18:   e9 d5 00 00 00 48 ff c8 48 89 05 09 2f 34 00 75
0x000000010947ff28:   8c 48 8b 05 08 2f 34 00 48 8d 3d f9 2e 34 00 89 


Stack slot to memory mapping:
stack at sp + 0 slots: 0x00000001097be900: PyLong_Type+0 in /usr/local/Cellar/python@3.12/3.12.12/Frameworks/Python.framework/Versions/3.12/Python at 0x00000001093b5000
stack at sp + 1 slots: 0x0000000109896cf0: _PyRuntime+0 in /usr/local/Cellar/python@3.12/3.12.12/Frameworks/Python.framework/Versions/3.12/Python at 0x00000001093b5000
stack at sp + 2 slots: 0x0 is NULL
stack at sp + 3 slots: 0x000000000000000f is an unknown value
stack at sp + 4 slots: 0x0000000109897770: _PyRuntime+0xa80 in /usr/local/Cellar/python@3.12/3.12.12/Frameworks/Python.framework/Versions/3.12/Python at 0x00000001093b5000
stack at sp + 5 slots: 0x0 is NULL
stack at sp + 6 slots: 0x000070001805f830 is pointing into the stack for thread: 0x00007fc6f5fad800
stack at sp + 7 slots: 0x00000001095e2163: PyErr_SetInterruptEx+0x7b in /usr/local/Cellar/python@3.12/3.12.12/Frameworks/Python.framework/Versions/3.12/Python at 0x00000001093b5000


---------------  P R O C E S S  ---------------

Threads class SMR info:
_java_thread_list=0x00007fc6fac68c00, length=11, elements={
0x00007fc6f4e16800, 0x00007fc6f5e37000, 0x00007fc6f5e3a000, 0x00007fc6fb02f800,
0x00007fc6fb026000, 0x00007fc6fb032800, 0x00007fc6fb033800, 0x00007fc6f753a000,
0x00007fc6f5e69800, 0x00007fc6fb01c000, 0x00007fc6f5fad800
}

Java Threads: ( => current thread )
  0x00007fc6f4e16800 JavaThread "main" [_thread_in_native, id=259, stack(0x00007ff7b6267000,0x00007ff7b7267000)]
  0x00007fc6f5e37000 JavaThread "Reference Handler" daemon [_thread_blocked, id=15363, stack(0x0000700015a1e000,0x0000700015b1e000)]
  0x00007fc6f5e3a000 JavaThread "Finalizer" daemon [_thread_blocked, id=22019, stack(0x0000700015b21000,0x0000700015c21000)]
  0x00007fc6fb02f800 JavaThread "Signal Dispatcher" daemon [_thread_blocked, id=43011, stack(0x0000700015c24000,0x0000700015d24000)]
  0x00007fc6fb026000 JavaThread "C2 CompilerThread0" daemon [_thread_blocked, id=42243, stack(0x0000700015d27000,0x0000700015e27000)]
  0x00007fc6fb032800 JavaThread "C1 CompilerThread0" daemon [_thread_blocked, id=41475, stack(0x0000700015e2a000,0x0000700015f2a000)]
  0x00007fc6fb033800 JavaThread "Sweeper thread" daemon [_thread_blocked, id=23043, stack(0x0000700015f2d000,0x000070001602d000)]
  0x00007fc6f753a000 JavaThread "Service Thread" daemon [_thread_blocked, id=40963, stack(0x0000700016030000,0x0000700016130000)]
  0x00007fc6f5e69800 JavaThread "Common-Cleaner" daemon [_thread_blocked, id=23811, stack(0x0000700016236000,0x0000700016336000)]
  0x00007fc6fb01c000 JavaThread "Python Reference Queue" daemon [_thread_blocked, id=24323, stack(0x0000700016339000,0x0000700016439000)]
=>0x00007fc6f5fad800 JavaThread "SIGTERM handler" daemon [_thread_in_native, id=27139, stack(0x0000700017f60000,0x0000700018060000)]

Other Threads:
  0x00007fc6fb025000 VMThread "VM Thread" [stack: 0x000070001591b000,0x0000700015a1b000] [id=14595]
  0x00007fc6fb026800 WatcherThread [stack: 0x0000700016133000,0x0000700016233000] [id=23555]
  0x00007fc6f4770000 GCTaskThread "GC Thread#0" [stack: 0x000070001540c000,0x000070001550c000] [id=18691]
  0x00007fc6f7536800 GCTaskThread "GC Thread#1" [stack: 0x000070001643c000,0x000070001653c000] [id=24835]
  0x00007fc6f3129000 GCTaskThread "GC Thread#2" [stack: 0x000070001653f000,0x000070001663f000] [id=25347]
  0x00007fc6f60d3800 GCTaskThread "GC Thread#3" [stack: 0x0000700016642000,0x0000700016742000] [id=39683]
  0x00007fc6f60d4800 GCTaskThread "GC Thread#4" [stack: 0x0000700016745000,0x0000700016845000] [id=39171]
  0x00007fc6f50ce800 GCTaskThread "GC Thread#5" [stack: 0x0000700016848000,0x0000700016948000] [id=38659]
  0x00007fc6f4e71800 GCTaskThread "GC Thread#6" [stack: 0x0000700016d57000,0x0000700016e57000] [id=36867]
  0x00007fc6f4e72800 GCTaskThread "GC Thread#7" [stack: 0x0000700016e5a000,0x0000700016f5a000] [id=26627]
  0x00007fc6f4779800 ConcurrentGCThread "G1 Main Marker" [stack: 0x000070001550f000,0x000070001560f000] [id=18179]
  0x00007fc6f477a000 ConcurrentGCThread "G1 Conc#0" [stack: 0x0000700015612000,0x0000700015712000] [id=13059]
  0x00007fc6fb6d5800 ConcurrentGCThread "G1 Conc#1" [stack: 0x000070001694b000,0x0000700016a4b000] [id=38147]
  0x00007fc6f5e2a800 ConcurrentGCThread "G1 Refine#0" [stack: 0x0000700015715000,0x0000700015815000] [id=13571]
  0x00007fc6f754c000 ConcurrentGCThread "G1 Refine#1" [stack: 0x0000700016a4e000,0x0000700016b4e000] [id=37891]
  0x00007fc6f68cb000 ConcurrentGCThread "G1 Refine#2" [stack: 0x0000700016b51000,0x0000700016c51000] [id=37635]
  0x00007fc6f50f3800 ConcurrentGCThread "G1 Refine#3" [stack: 0x0000700016c54000,0x0000700016d54000] [id=26371]
  0x00007fc6f5e2b000 ConcurrentGCThread "G1 Young RemSet Sampling" [stack: 0x0000700015818000,0x0000700015918000] [id=13827]

Threads with active compile tasks:

VM state:not at safepoint (normal execution)

VM Mutex/Monitor currently owned by a thread: None

Heap address: 0x00000007c0000000, size: 1024 MB, Compressed Oops mode: Zero based, Oop shift amount: 3
Narrow klass base: 0x0000000800000000, Narrow klass shift: 3
Compressed class space size: 1073741824 Address: 0x0000000800af5000

Heap:
 garbage-first heap   total 283648K, used 218691K [0x00000007c0000000, 0x0000000800000000)
  region size 1024K, 138 young (141312K), 1 survivors (1024K)
 Metaspace       used 10943K, capacity 12612K, committed 12800K, reserved 1060864K
  class space    used 1685K, capacity 1976K, committed 2048K, reserved 1048576K
Heap Regions: E=young(eden), S=young(survivor), O=old, HS=humongous(starts), HC=humongous(continues), CS=collection set, F=free, A=archive, TAMS=top-at-mark-start (previous, next)
|   0|0x00000007c0000000, 0x00000007c00ffff0, 0x00000007c0100000| 99%| O|  |TAMS 0x00000007c0000000, 0x00000007c0000000| Untracked 
|   1|0x00000007c0100000, 0x00000007c0200000, 0x00000007c0200000|100%| O|  |TAMS 0x00000007c0100000, 0x00000007c0100000| Untracked 
|   2|0x00000007c0200000, 0x00000007c02ffff0, 0x00000007c0300000| 99%| O|  |TAMS 0x00000007c0200000, 0x00000007c0200000| Untracked 
|   3|0x00000007c0300000, 0x00000007c03ffef8, 0x00000007c0400000| 99%| O|  |TAMS 0x00000007c0300000, 0x00000007c0300000| Untracked 
|   4|0x00000007c0400000, 0x00000007c04ffff0, 0x00000007c0500000| 99%| O|  |TAMS 0x00000007c0400000, 0x00000007c0400000| Untracked 
|   5|0x00000007c0500000, 0x00000007c0600000, 0x00000007c0600000|100%| O|  |TAMS 0x00000007c0500000, 0x00000007c0500000| Untracked 
|   6|0x00000007c0600000, 0x00000007c06fffe0, 0x00000007c0700000| 99%| O|  |TAMS 0x00000007c0600000, 0x00000007c0600000| Untracked 
|   7|0x00000007c0700000, 0x00000007c07ffff8, 0x00000007c0800000| 99%| O|  |TAMS 0x00000007c0700000, 0x00000007c0700000| Untracked 
|   8|0x00000007c0800000, 0x00000007c08ffff0, 0x00000007c0900000| 99%| O|  |TAMS 0x00000007c0800000, 0x00000007c0800000| Untracked 
|   9|0x00000007c0900000, 0x00000007c0a00000, 0x00000007c0a00000|100%| O|  |TAMS 0x00000007c0900000, 0x00000007c0900000| Untracked 
|  10|0x00000007c0a00000, 0x00000007c0affff8, 0x00000007c0b00000| 99%| O|  |TAMS 0x00000007c0a00000, 0x00000007c0a00000| Untracked 
|  11|0x00000007c0b00000, 0x00000007c0c00000, 0x00000007c0c00000|100%|HS|  |TAMS 0x00000007c0b00000, 0x00000007c0b00000| Untracked 
|  12|0x00000007c0c00000, 0x00000007c0d00000, 0x00000007c0d00000|100%|HC|  |TAMS 0x00000007c0c00000, 0x00000007c0c00000| Untracked 
|  13|0x00000007c0d00000, 0x00000007c0e00000, 0x00000007c0e00000|100%|HS|  |TAMS 0x00000007c0d00000, 0x00000007c0d00000| Untracked 
|  14|0x00000007c0e00000, 0x00000007c0f00000, 0x00000007c0f00000|100%|HC|  |TAMS 0x00000007c0e00000, 0x00000007c0e00000| Untracked 
|  15|0x00000007c0f00000, 0x00000007c1000000, 0x00000007c1000000|100%| O|  |TAMS 0x00000007c0f00000, 0x00000007c0f00000| Untracked 
|  16|0x00000007c1000000, 0x00000007c10ffff0, 0x00000007c1100000| 99%| O|  |TAMS 0x00000007c1000000, 0x00000007c1000000| Untracked 
|  17|0x00000007c1100000, 0x00000007c11ffff0, 0x00000007c1200000| 99%| O|  |TAMS 0x00000007c1100000, 0x00000007c1100000| Untracked 
|  18|0x00000007c1200000, 0x00000007c12ffff8, 0x00000007c1300000| 99%| O|  |TAMS 0x00000007c1200000, 0x00000007c1200000| Untracked 
|  19|0x00000007c1300000, 0x00000007c1400000, 0x00000007c1400000|100%| O|  |TAMS 0x00000007c1300000, 0x00000007c1300000| Untracked 
|  20|0x00000007c1400000, 0x00000007c1500000, 0x00000007c1500000|100%| O|  |TAMS 0x00000007c1400000, 0x00000007c1400000| Untracked 
|  21|0x00000007c1500000, 0x00000007c1600000, 0x00000007c1600000|100%| O|  |TAMS 0x00000007c1500000, 0x00000007c1500000| Untracked 
|  22|0x00000007c1600000, 0x00000007c1700000, 0x00000007c1700000|100%|HS|  |TAMS 0x00000007c1600000, 0x00000007c1600000| Untracked 
|  23|0x00000007c1700000, 0x00000007c1800000, 0x00000007c1800000|100%|HS|  |TAMS 0x00000007c1700000, 0x00000007c1700000| Untracked 
|  24|0x00000007c1800000, 0x00000007c18ffff8, 0x00000007c1900000| 99%| O|  |TAMS 0x00000007c1800000, 0x00000007c1800000| Untracked 
|  25|0x00000007c1900000, 0x00000007c19ffff0, 0x00000007c1a00000| 99%| O|  |TAMS 0x00000007c1900000, 0x00000007c1900000| Untracked 
|  26|0x00000007c1a00000, 0x00000007c1affff8, 0x00000007c1b00000| 99%| O|  |TAMS 0x00000007c1a00000, 0x00000007c1a00000| Untracked 
|  27|0x00000007c1b00000, 0x00000007c1bae378, 0x00000007c1c00000| 68%| O|  |TAMS 0x00000007c1b00000, 0x00000007c1b00000| Untracked 
|  28|0x00000007c1c00000, 0x00000007c1d00000, 0x00000007c1d00000|100%| O|  |TAMS 0x00000007c1c00000, 0x00000007c1c00000| Untracked 
|  29|0x00000007c1d00000, 0x00000007c1dfffe8, 0x00000007c1e00000| 99%| O|  |TAMS 0x00000007c1d00000, 0x00000007c1d00000| Untracked 
|  30|0x00000007c1e00000, 0x00000007c1effff8, 0x00000007c1f00000| 99%| O|  |TAMS 0x00000007c1e00000, 0x00000007c1e00000| Untracked 
|  31|0x00000007c1f00000, 0x00000007c2000000, 0x00000007c2000000|100%| O|  |TAMS 0x00000007c1f00000, 0x00000007c1f00000| Untracked 
|  32|0x00000007c2000000, 0x00000007c20ffff0, 0x00000007c2100000| 99%| O|  |TAMS 0x00000007c2000000, 0x00000007c2000000| Untracked 
|  33|0x00000007c2100000, 0x00000007c21ffff8, 0x00000007c2200000| 99%| O|  |TAMS 0x00000007c2100000, 0x00000007c2100000| Untracked 
|  34|0x00000007c2200000, 0x00000007c22ffff8, 0x00000007c2300000| 99%| O|  |TAMS 0x00000007c2200000, 0x00000007c2200000| Untracked 
|  35|0x00000007c2300000, 0x00000007c23fffe8, 0x00000007c2400000| 99%| O|  |TAMS 0x00000007c2300000, 0x00000007c2300000| Untracked 
|  36|0x00000007c2400000, 0x00000007c2403398, 0x00000007c2500000|  1%| O|  |TAMS 0x00000007c2400000, 0x00000007c2400000| Untracked 
|  37|0x00000007c2500000, 0x00000007c2600000, 0x00000007c2600000|100%|HS|  |TAMS 0x00000007c2500000, 0x00000007c2500000| Untracked 
|  38|0x00000007c2600000, 0x00000007c2700000, 0x00000007c2700000|100%|HC|  |TAMS 0x00000007c2600000, 0x00000007c2600000| Untracked 
|  39|0x00000007c2700000, 0x00000007c2800000, 0x00000007c2800000|100%|HS|  |TAMS 0x00000007c2700000, 0x00000007c2700000| Untracked 
|  40|0x00000007c2800000, 0x00000007c2900000, 0x00000007c2900000|100%|HC|  |TAMS 0x00000007c2800000, 0x00000007c2800000| Untracked 
|  41|0x00000007c2900000, 0x00000007c2917400, 0x00000007c2a00000|  9%| O|  |TAMS 0x00000007c2900000, 0x00000007c2900000| Untracked 
|  42|0x00000007c2a00000, 0x00000007c2a00000, 0x00000007c2b00000|  0%| F|  |TAMS 0x00000007c2a00000, 0x00000007c2a00000| Untracked 
|  43|0x00000007c2b00000, 0x00000007c2c00000, 0x00000007c2c00000|100%|HS|  |TAMS 0x00000007c2b00000, 0x00000007c2b00000| Untracked 
|  44|0x00000007c2c00000, 0x00000007c2d00000, 0x00000007c2d00000|100%|HC|  |TAMS 0x00000007c2c00000, 0x00000007c2c00000| Untracked 
|  45|0x00000007c2d00000, 0x00000007c2e00000, 0x00000007c2e00000|100%|HS|  |TAMS 0x00000007c2d00000, 0x00000007c2d00000| Untracked 
|  46|0x00000007c2e00000, 0x00000007c2f00000, 0x00000007c2f00000|100%|HC|  |TAMS 0x00000007c2e00000, 0x00000007c2e00000| Untracked 
|  47|0x00000007c2f00000, 0x00000007c2f00000, 0x00000007c3000000|  0%| F|  |TAMS 0x00000007c2f00000, 0x00000007c2f00000| Untracked 
|  48|0x00000007c3000000, 0x00000007c3000000, 0x00000007c3100000|  0%| F|  |TAMS 0x00000007c3000000, 0x00000007c3000000| Untracked 
|  49|0x00000007c3100000, 0x00000007c31ffff0, 0x00000007c3200000| 99%| O|  |TAMS 0x00000007c3100000, 0x00000007c3100000| Untracked 
|  50|0x00000007c3200000, 0x00000007c3200000, 0x00000007c3300000|  0%| F|  |TAMS 0x00000007c3200000, 0x00000007c3200000| Untracked 
|  51|0x00000007c3300000, 0x00000007c3400000, 0x00000007c3400000|100%| O|  |TAMS 0x00000007c3300000, 0x00000007c3300000| Untracked 
|  52|0x00000007c3400000, 0x00000007c3400000, 0x00000007c3500000|  0%| F|  |TAMS 0x00000007c3400000, 0x00000007c3400000| Untracked 
|  53|0x00000007c3500000, 0x00000007c35ffff0, 0x00000007c3600000| 99%| O|  |TAMS 0x00000007c3500000, 0x00000007c3500000| Untracked 
|  54|0x00000007c3600000, 0x00000007c3600000, 0x00000007c3700000|  0%| F|  |TAMS 0x00000007c3600000, 0x00000007c3600000| Untracked 
|  55|0x00000007c3700000, 0x00000007c3800000, 0x00000007c3800000|100%|HS|  |TAMS 0x00000007c3700000, 0x00000007c3700000| Untracked 
|  56|0x00000007c3800000, 0x00000007c3900000, 0x00000007c3900000|100%| O|  |TAMS 0x00000007c3800000, 0x00000007c3800000| Untracked 
|  57|0x00000007c3900000, 0x00000007c39ffff0, 0x00000007c3a00000| 99%| O|  |TAMS 0x00000007c3900000, 0x00000007c3900000| Untracked 
|  58|0x00000007c3a00000, 0x00000007c3a00000, 0x00000007c3b00000|  0%| F|  |TAMS 0x00000007c3a00000, 0x00000007c3a00000| Untracked 
|  59|0x00000007c3b00000, 0x00000007c3bffff8, 0x00000007c3c00000| 99%| O|  |TAMS 0x00000007c3b00000, 0x00000007c3b00000| Untracked 
|  60|0x00000007c3c00000, 0x00000007c3c00000, 0x00000007c3d00000|  0%| F|  |TAMS 0x00000007c3c00000, 0x00000007c3c00000| Untracked 
|  61|0x00000007c3d00000, 0x00000007c3dffff0, 0x00000007c3e00000| 99%| O|  |TAMS 0x00000007c3d00000, 0x00000007c3d00000| Untracked 
|  62|0x00000007c3e00000, 0x00000007c3efffc8, 0x00000007c3f00000| 99%| O|  |TAMS 0x00000007c3e00000, 0x00000007c3e00000| Untracked 
|  63|0x00000007c3f00000, 0x00000007c3fffff0, 0x00000007c4000000| 99%| O|  |TAMS 0x00000007c3f00000, 0x00000007c3f00000| Untracked 
|  64|0x00000007c4000000, 0x00000007c40ffff0, 0x00000007c4100000| 99%| O|  |TAMS 0x00000007c4000000, 0x00000007c4000000| Untracked 
|  65|0x00000007c4100000, 0x00000007c41ffff8, 0x00000007c4200000| 99%| O|  |TAMS 0x00000007c4100000, 0x00000007c4100000| Untracked 
|  66|0x00000007c4200000, 0x00000007c4200000, 0x00000007c4300000|  0%| F|  |TAMS 0x00000007c4200000, 0x00000007c4200000| Untracked 
|  67|0x00000007c4300000, 0x00000007c43ffff0, 0x00000007c4400000| 99%| O|  |TAMS 0x00000007c4300000, 0x00000007c4300000| Untracked 
|  68|0x00000007c4400000, 0x00000007c44ffff0, 0x00000007c4500000| 99%| O|  |TAMS 0x00000007c4400000, 0x00000007c4400000| Untracked 
|  69|0x00000007c4500000, 0x00000007c4500000, 0x00000007c4600000|  0%| F|  |TAMS 0x00000007c4500000, 0x00000007c4500000| Untracked 
|  70|0x00000007c4600000, 0x00000007c4700000, 0x00000007c4700000|100%| O|  |TAMS 0x00000007c4600000, 0x00000007c4600000| Untracked 
|  71|0x00000007c4700000, 0x00000007c47ffff0, 0x00000007c4800000| 99%| O|  |TAMS 0x00000007c4700000, 0x00000007c4700000| Untracked 
|  72|0x00000007c4800000, 0x00000007c48ffff8, 0x00000007c4900000| 99%| O|  |TAMS 0x00000007c4800000, 0x00000007c4800000| Untracked 
|  73|0x00000007c4900000, 0x00000007c49ffff0, 0x00000007c4a00000| 99%| O|  |TAMS 0x00000007c4900000, 0x00000007c4900000| Untracked 
|  74|0x00000007c4a00000, 0x00000007c4a00000, 0x00000007c4b00000|  0%| F|  |TAMS 0x00000007c4a00000, 0x00000007c4a00000| Untracked 
|  75|0x00000007c4b00000, 0x00000007c4bffff8, 0x00000007c4c00000| 99%| O|  |TAMS 0x00000007c4b00000, 0x00000007c4b00000| Untracked 
|  76|0x00000007c4c00000, 0x00000007c4c00000, 0x00000007c4d00000|  0%| F|  |TAMS 0x00000007c4c00000, 0x00000007c4c00000| Untracked 
|  77|0x00000007c4d00000, 0x00000007c4dffff0, 0x00000007c4e00000| 99%| O|  |TAMS 0x00000007c4d00000, 0x00000007c4d00000| Untracked 
|  78|0x00000007c4e00000, 0x00000007c4e00000, 0x00000007c4f00000|  0%| F|  |TAMS 0x00000007c4e00000, 0x00000007c4e00000| Untracked 
|  79|0x00000007c4f00000, 0x00000007c4ffffe8, 0x00000007c5000000| 99%| O|  |TAMS 0x00000007c4f00000, 0x00000007c4f00000| Untracked 
|  80|0x00000007c5000000, 0x00000007c5100000, 0x00000007c5100000|100%| O|  |TAMS 0x00000007c5000000, 0x00000007c5000000| Untracked 
|  81|0x00000007c5100000, 0x00000007c5200000, 0x00000007c5200000|100%| O|  |TAMS 0x00000007c5100000, 0x00000007c5100000| Untracked 
|  82|0x00000007c5200000, 0x00000007c52ffff0, 0x00000007c5300000| 99%| O|  |TAMS 0x00000007c5200000, 0x00000007c5200000| Untracked 
|  83|0x00000007c5300000, 0x00000007c5300000, 0x00000007c5400000|  0%| F|  |TAMS 0x00000007c5300000, 0x00000007c5300000| Untracked 
|  84|0x00000007c5400000, 0x00000007c54c19d8, 0x00000007c5500000| 75%| O|  |TAMS 0x00000007c5400000, 0x00000007c5400000| Untracked 
|  85|0x00000007c5500000, 0x00000007c55ffff0, 0x00000007c5600000| 99%| O|  |TAMS 0x00000007c5500000, 0x00000007c5500000| Untracked 
|  86|0x00000007c5600000, 0x00000007c5600000, 0x00000007c5700000|  0%| F|  |TAMS 0x00000007c5600000, 0x00000007c5600000| Untracked 
|  87|0x00000007c5700000, 0x00000007c57ffff8, 0x00000007c5800000| 99%| O|  |TAMS 0x00000007c5700000, 0x00000007c5700000| Untracked 
|  88|0x00000007c5800000, 0x00000007c58777d0, 0x00000007c5900000| 46%| O|  |TAMS 0x00000007c5800000, 0x00000007c5800000| Untracked 
|  89|0x00000007c5900000, 0x00000007c5900000, 0x00000007c5a00000|  0%| F|  |TAMS 0x00000007c5900000, 0x00000007c5900000| Untracked 
|  90|0x00000007c5a00000, 0x00000007c5affff8, 0x00000007c5b00000| 99%| O|  |TAMS 0x00000007c5a00000, 0x00000007c5a00000| Untracked 
|  91|0x00000007c5b00000, 0x00000007c5bffff8, 0x00000007c5c00000| 99%| O|  |TAMS 0x00000007c5b00000, 0x00000007c5b00000| Untracked 
|  92|0x00000007c5c00000, 0x00000007c5c00000, 0x00000007c5d00000|  0%| F|  |TAMS 0x00000007c5c00000, 0x00000007c5c00000| Untracked 
|  93|0x00000007c5d00000, 0x00000007c5d10360, 0x00000007c5e00000|  6%| O|  |TAMS 0x00000007c5d00000, 0x00000007c5d00000| Untracked 
|  94|0x00000007c5e00000, 0x00000007c5e00000, 0x00000007c5f00000|  0%| F|  |TAMS 0x00000007c5e00000, 0x00000007c5e00000| Untracked 
|  95|0x00000007c5f00000, 0x00000007c5f00000, 0x00000007c6000000|  0%| F|  |TAMS 0x00000007c5f00000, 0x00000007c5f00000| Untracked 
|  96|0x00000007c6000000, 0x00000007c60ffff8, 0x00000007c6100000| 99%| O|  |TAMS 0x00000007c6000000, 0x00000007c6000000| Untracked 
|  97|0x00000007c6100000, 0x00000007c61db2b0, 0x00000007c6200000| 85%| O|  |TAMS 0x00000007c6100000, 0x00000007c6100000| Untracked 
|  98|0x00000007c6200000, 0x00000007c6200000, 0x00000007c6300000|  0%| F|  |TAMS 0x00000007c6200000, 0x00000007c6200000| Untracked 
|  99|0x00000007c6300000, 0x00000007c6300000, 0x00000007c6400000|  0%| F|  |TAMS 0x00000007c6300000, 0x00000007c6300000| Untracked 
| 100|0x00000007c6400000, 0x00000007c6400000, 0x00000007c6500000|  0%| F|  |TAMS 0x00000007c6400000, 0x00000007c6400000| Untracked 
| 101|0x00000007c6500000, 0x00000007c6500000, 0x00000007c6600000|  0%| F|  |TAMS 0x00000007c6500000, 0x00000007c6500000| Untracked 
| 102|0x00000007c6600000, 0x00000007c6600000, 0x00000007c6700000|  0%| F|  |TAMS 0x00000007c6600000, 0x00000007c6600000| Untracked 
| 103|0x00000007c6700000, 0x00000007c6700000, 0x00000007c6800000|  0%| F|  |TAMS 0x00000007c6700000, 0x00000007c6700000| Untracked 
| 104|0x00000007c6800000, 0x00000007c6800000, 0x00000007c6900000|  0%| F|  |TAMS 0x00000007c6800000, 0x00000007c6800000| Untracked 
| 105|0x00000007c6900000, 0x00000007c6900000, 0x00000007c6a00000|  0%| F|  |TAMS 0x00000007c6900000, 0x00000007c6900000| Untracked 
| 106|0x00000007c6a00000, 0x00000007c6a00000, 0x00000007c6b00000|  0%| F|  |TAMS 0x00000007c6a00000, 0x00000007c6a00000| Untracked 
| 107|0x00000007c6b00000, 0x00000007c6b00000, 0x00000007c6c00000|  0%| F|  |TAMS 0x00000007c6b00000, 0x00000007c6b00000| Untracked 
| 108|0x00000007c6c00000, 0x00000007c6c00000, 0x00000007c6d00000|  0%| F|  |TAMS 0x00000007c6c00000, 0x00000007c6c00000| Untracked 
| 109|0x00000007c6d00000, 0x00000007c6d03870, 0x00000007c6e00000|  1%| S|CS|TAMS 0x00000007c6d00000, 0x00000007c6d00000| Complete 
| 110|0x00000007c6e00000, 0x00000007c6e00000, 0x00000007c6f00000|  0%| F|  |TAMS 0x00000007c6e00000, 0x00000007c6e00000| Untracked 
| 111|0x00000007c6f00000, 0x00000007c6f00000, 0x00000007c7000000|  0%| F|  |TAMS 0x00000007c6f00000, 0x00000007c6f00000| Untracked 
| 112|0x00000007c7000000, 0x00000007c7000000, 0x00000007c7100000|  0%| F|  |TAMS 0x00000007c7000000, 0x00000007c7000000| Untracked 
| 113|0x00000007c7100000, 0x00000007c7100000, 0x00000007c7200000|  0%| F|  |TAMS 0x00000007c7100000, 0x00000007c7100000| Untracked 
| 114|0x00000007c7200000, 0x00000007c7200000, 0x00000007c7300000|  0%| F|  |TAMS 0x00000007c7200000, 0x00000007c7200000| Untracked 
| 115|0x00000007c7300000, 0x00000007c7300000, 0x00000007c7400000|  0%| F|  |TAMS 0x00000007c7300000, 0x00000007c7300000| Untracked 
| 116|0x00000007c7400000, 0x00000007c7400000, 0x00000007c7500000|  0%| F|  |TAMS 0x00000007c7400000, 0x00000007c7400000| Untracked 
| 117|0x00000007c7500000, 0x00000007c7500000, 0x00000007c7600000|  0%| F|  |TAMS 0x00000007c7500000, 0x00000007c7500000| Untracked 
| 118|0x00000007c7600000, 0x00000007c7600000, 0x00000007c7700000|  0%| F|  |TAMS 0x00000007c7600000, 0x00000007c7600000| Untracked 
| 119|0x00000007c7700000, 0x00000007c7700000, 0x00000007c7800000|  0%| F|  |TAMS 0x00000007c7700000, 0x00000007c7700000| Untracked 
| 120|0x00000007c7800000, 0x00000007c7800000, 0x00000007c7900000|  0%| F|  |TAMS 0x00000007c7800000, 0x00000007c7800000| Untracked 
| 121|0x00000007c7900000, 0x00000007c7900000, 0x00000007c7a00000|  0%| F|  |TAMS 0x00000007c7900000, 0x00000007c7900000| Untracked 
| 122|0x00000007c7a00000, 0x00000007c7a00000, 0x00000007c7b00000|  0%| F|  |TAMS 0x00000007c7a00000, 0x00000007c7a00000| Untracked 
| 123|0x00000007c7b00000, 0x00000007c7b00000, 0x00000007c7c00000|  0%| F|  |TAMS 0x00000007c7b00000, 0x00000007c7b00000| Untracked 
| 124|0x00000007c7c00000, 0x00000007c7c00000, 0x00000007c7d00000|  0%| F|  |TAMS 0x00000007c7c00000, 0x00000007c7c00000| Untracked 
| 125|0x00000007c7d00000, 0x00000007c7d00000, 0x00000007c7e00000|  0%| F|  |TAMS 0x00000007c7d00000, 0x00000007c7d00000| Untracked 
| 126|0x00000007c7e00000, 0x00000007c7e00000, 0x00000007c7f00000|  0%| F|  |TAMS 0x00000007c7e00000, 0x00000007c7e00000| Untracked 
| 127|0x00000007c7f00000, 0x00000007c7f00000, 0x00000007c8000000|  0%| F|  |TAMS 0x00000007c7f00000, 0x00000007c7f00000| Untracked 
| 128|0x00000007c8000000, 0x00000007c8000000, 0x00000007c8100000|  0%| F|  |TAMS 0x00000007c8000000, 0x00000007c8000000| Untracked 
| 129|0x00000007c8100000, 0x00000007c8100000, 0x00000007c8200000|  0%| F|  |TAMS 0x00000007c8100000, 0x00000007c8100000| Untracked 
| 130|0x00000007c8200000, 0x00000007c8200000, 0x00000007c8300000|  0%| F|  |TAMS 0x00000007c8200000, 0x00000007c8200000| Untracked 
| 131|0x00000007c8300000, 0x00000007c8300000, 0x00000007c8400000|  0%| F|  |TAMS 0x00000007c8300000, 0x00000007c8300000| Untracked 
| 132|0x00000007c8400000, 0x00000007c8400000, 0x00000007c8500000|  0%| F|  |TAMS 0x00000007c8400000, 0x00000007c8400000| Untracked 
| 133|0x00000007c8500000, 0x00000007c8500000, 0x00000007c8600000|  0%| F|  |TAMS 0x00000007c8500000, 0x00000007c8500000| Untracked 
| 134|0x00000007c8600000, 0x00000007c8600000, 0x00000007c8700000|  0%| F|  |TAMS 0x00000007c8600000, 0x00000007c8600000| Untracked 
| 135|0x00000007c8700000, 0x00000007c8700800, 0x00000007c8800000|  0%| E|  |TAMS 0x00000007c8700000, 0x00000007c8700000| Complete 
| 136|0x00000007c8800000, 0x00000007c8900000, 0x00000007c8900000|100%| E|CS|TAMS 0x00000007c8800000, 0x00000007c8800000| Complete 
| 137|0x00000007c8900000, 0x00000007c8a00000, 0x00000007c8a00000|100%| E|CS|TAMS 0x00000007c8900000, 0x00000007c8900000| Complete 
| 138|0x00000007c8a00000, 0x00000007c8b00000, 0x00000007c8b00000|100%| E|CS|TAMS 0x00000007c8a00000, 0x00000007c8a00000| Complete 
| 139|0x00000007c8b00000, 0x00000007c8c00000, 0x00000007c8c00000|100%| E|CS|TAMS 0x00000007c8b00000, 0x00000007c8b00000| Complete 
| 140|0x00000007c8c00000, 0x00000007c8d00000, 0x00000007c8d00000|100%| E|CS|TAMS 0x00000007c8c00000, 0x00000007c8c00000| Complete 
| 141|0x00000007c8d00000, 0x00000007c8e00000, 0x00000007c8e00000|100%| E|CS|TAMS 0x00000007c8d00000, 0x00000007c8d00000| Complete 
| 142|0x00000007c8e00000, 0x00000007c8f00000, 0x00000007c8f00000|100%| E|CS|TAMS 0x00000007c8e00000, 0x00000007c8e00000| Complete 
| 143|0x00000007c8f00000, 0x00000007c9000000, 0x00000007c9000000|100%| E|CS|TAMS 0x00000007c8f00000, 0x00000007c8f00000| Complete 
| 144|0x00000007c9000000, 0x00000007c906dae8, 0x00000007c9100000| 42%| O|  |TAMS 0x00000007c9000000, 0x00000007c9000000| Untracked 
| 145|0x00000007c9100000, 0x00000007c91fffe8, 0x00000007c9200000| 99%| O|  |TAMS 0x00000007c9100000, 0x00000007c9100000| Untracked 
| 146|0x00000007c9200000, 0x00000007c9300000, 0x00000007c9300000|100%| E|CS|TAMS 0x00000007c9200000, 0x00000007c9200000| Complete 
| 147|0x00000007c9300000, 0x00000007c9400000, 0x00000007c9400000|100%| E|CS|TAMS 0x00000007c9300000, 0x00000007c9300000| Complete 
| 148|0x00000007c9400000, 0x00000007c9500000, 0x00000007c9500000|100%| E|CS|TAMS 0x00000007c9400000, 0x00000007c9400000| Complete 
| 149|0x00000007c9500000, 0x00000007c9600000, 0x00000007c9600000|100%| E|CS|TAMS 0x00000007c9500000, 0x00000007c9500000| Complete 
| 150|0x00000007c9600000, 0x00000007c9700000, 0x00000007c9700000|100%| E|CS|TAMS 0x00000007c9600000, 0x00000007c9600000| Complete 
| 151|0x00000007c9700000, 0x00000007c9800000, 0x00000007c9800000|100%| E|CS|TAMS 0x00000007c9700000, 0x00000007c9700000| Complete 
| 152|0x00000007c9800000, 0x00000007c9900000, 0x00000007c9900000|100%| E|CS|TAMS 0x00000007c9800000, 0x00000007c9800000| Complete 
| 153|0x00000007c9900000, 0x00000007c9a00000, 0x00000007c9a00000|100%| E|CS|TAMS 0x00000007c9900000, 0x00000007c9900000| Complete 
| 154|0x00000007c9a00000, 0x00000007c9b00000, 0x00000007c9b00000|100%| E|CS|TAMS 0x00000007c9a00000, 0x00000007c9a00000| Complete 
| 155|0x00000007c9b00000, 0x00000007c9c00000, 0x00000007c9c00000|100%| E|CS|TAMS 0x00000007c9b00000, 0x00000007c9b00000| Complete 
| 156|0x00000007c9c00000, 0x00000007c9d00000, 0x00000007c9d00000|100%| E|CS|TAMS 0x00000007c9c00000, 0x00000007c9c00000| Complete 
| 157|0x00000007c9d00000, 0x00000007c9e00000, 0x00000007c9e00000|100%| E|CS|TAMS 0x00000007c9d00000, 0x00000007c9d00000| Complete 
| 158|0x00000007c9e00000, 0x00000007c9f00000, 0x00000007c9f00000|100%| E|CS|TAMS 0x00000007c9e00000, 0x00000007c9e00000| Complete 
| 159|0x00000007c9f00000, 0x00000007ca000000, 0x00000007ca000000|100%| E|CS|TAMS 0x00000007c9f00000, 0x00000007c9f00000| Complete 
| 160|0x00000007ca000000, 0x00000007ca100000, 0x00000007ca100000|100%| E|CS|TAMS 0x00000007ca000000, 0x00000007ca000000| Complete 
| 161|0x00000007ca100000, 0x00000007ca200000, 0x00000007ca200000|100%| E|CS|TAMS 0x00000007ca100000, 0x00000007ca100000| Complete 
| 162|0x00000007ca200000, 0x00000007ca300000, 0x00000007ca300000|100%| E|CS|TAMS 0x00000007ca200000, 0x00000007ca200000| Complete 
| 163|0x00000007ca300000, 0x00000007ca400000, 0x00000007ca400000|100%| E|CS|TAMS 0x00000007ca300000, 0x00000007ca300000| Complete 
| 164|0x00000007ca400000, 0x00000007ca500000, 0x00000007ca500000|100%| E|CS|TAMS 0x00000007ca400000, 0x00000007ca400000| Complete 
| 165|0x00000007ca500000, 0x00000007ca600000, 0x00000007ca600000|100%| E|CS|TAMS 0x00000007ca500000, 0x00000007ca500000| Complete 
| 166|0x00000007ca600000, 0x00000007ca700000, 0x00000007ca700000|100%| E|CS|TAMS 0x00000007ca600000, 0x00000007ca600000| Complete 
| 167|0x00000007ca700000, 0x00000007ca800000, 0x00000007ca800000|100%| E|CS|TAMS 0x00000007ca700000, 0x00000007ca700000| Complete 
| 168|0x00000007ca800000, 0x00000007ca900000, 0x00000007ca900000|100%| E|CS|TAMS 0x00000007ca800000, 0x00000007ca800000| Complete 
| 169|0x00000007ca900000, 0x00000007caa00000, 0x00000007caa00000|100%| E|CS|TAMS 0x00000007ca900000, 0x00000007ca900000| Complete 
| 170|0x00000007caa00000, 0x00000007cab00000, 0x00000007cab00000|100%| E|CS|TAMS 0x00000007caa00000, 0x00000007caa00000| Complete 
| 171|0x00000007cab00000, 0x00000007cac00000, 0x00000007cac00000|100%| E|CS|TAMS 0x00000007cab00000, 0x00000007cab00000| Complete 
| 172|0x00000007cac00000, 0x00000007cad00000, 0x00000007cad00000|100%| E|CS|TAMS 0x00000007cac00000, 0x00000007cac00000| Complete 
| 173|0x00000007cad00000, 0x00000007cae00000, 0x00000007cae00000|100%| E|CS|TAMS 0x00000007cad00000, 0x00000007cad00000| Complete 
| 174|0x00000007cae00000, 0x00000007caf00000, 0x00000007caf00000|100%| E|CS|TAMS 0x00000007cae00000, 0x00000007cae00000| Complete 
| 175|0x00000007caf00000, 0x00000007cb000000, 0x00000007cb000000|100%| E|CS|TAMS 0x00000007caf00000, 0x00000007caf00000| Complete 
| 176|0x00000007cb000000, 0x00000007cb100000, 0x00000007cb100000|100%| E|CS|TAMS 0x00000007cb000000, 0x00000007cb000000| Complete 
| 177|0x00000007cb100000, 0x00000007cb200000, 0x00000007cb200000|100%| E|CS|TAMS 0x00000007cb100000, 0x00000007cb100000| Complete 
| 178|0x00000007cb200000, 0x00000007cb300000, 0x00000007cb300000|100%| E|CS|TAMS 0x00000007cb200000, 0x00000007cb200000| Complete 
| 179|0x00000007cb300000, 0x00000007cb400000, 0x00000007cb400000|100%| E|CS|TAMS 0x00000007cb300000, 0x00000007cb300000| Complete 
| 180|0x00000007cb400000, 0x00000007cb500000, 0x00000007cb500000|100%| E|CS|TAMS 0x00000007cb400000, 0x00000007cb400000| Complete 
| 181|0x00000007cb500000, 0x00000007cb600000, 0x00000007cb600000|100%| E|CS|TAMS 0x00000007cb500000, 0x00000007cb500000| Complete 
| 182|0x00000007cb600000, 0x00000007cb700000, 0x00000007cb700000|100%| E|CS|TAMS 0x00000007cb600000, 0x00000007cb600000| Complete 
| 183|0x00000007cb700000, 0x00000007cb800000, 0x00000007cb800000|100%| E|CS|TAMS 0x00000007cb700000, 0x00000007cb700000| Complete 
| 184|0x00000007cb800000, 0x00000007cb900000, 0x00000007cb900000|100%| E|CS|TAMS 0x00000007cb800000, 0x00000007cb800000| Complete 
| 185|0x00000007cb900000, 0x00000007cba00000, 0x00000007cba00000|100%| E|CS|TAMS 0x00000007cb900000, 0x00000007cb900000| Complete 
| 186|0x00000007cba00000, 0x00000007cbb00000, 0x00000007cbb00000|100%| E|CS|TAMS 0x00000007cba00000, 0x00000007cba00000| Complete 
| 187|0x00000007cbb00000, 0x00000007cbc00000, 0x00000007cbc00000|100%| E|CS|TAMS 0x00000007cbb00000, 0x00000007cbb00000| Complete 
| 188|0x00000007cbc00000, 0x00000007cbd00000, 0x00000007cbd00000|100%| E|CS|TAMS 0x00000007cbc00000, 0x00000007cbc00000| Complete 
| 189|0x00000007cbd00000, 0x00000007cbe00000, 0x00000007cbe00000|100%| E|CS|TAMS 0x00000007cbd00000, 0x00000007cbd00000| Complete 
| 190|0x00000007cbe00000, 0x00000007cbf00000, 0x00000007cbf00000|100%| E|CS|TAMS 0x00000007cbe00000, 0x00000007cbe00000| Complete 
| 191|0x00000007cbf00000, 0x00000007cc000000, 0x00000007cc000000|100%| E|CS|TAMS 0x00000007cbf00000, 0x00000007cbf00000| Complete 
| 192|0x00000007cc000000, 0x00000007cc100000, 0x00000007cc100000|100%| E|CS|TAMS 0x00000007cc000000, 0x00000007cc000000| Complete 
| 193|0x00000007cc100000, 0x00000007cc200000, 0x00000007cc200000|100%| E|CS|TAMS 0x00000007cc100000, 0x00000007cc100000| Complete 
| 194|0x00000007cc200000, 0x00000007cc300000, 0x00000007cc300000|100%| E|CS|TAMS 0x00000007cc200000, 0x00000007cc200000| Complete 
| 195|0x00000007cc300000, 0x00000007cc400000, 0x00000007cc400000|100%| E|CS|TAMS 0x00000007cc300000, 0x00000007cc300000| Complete 
| 196|0x00000007cc400000, 0x00000007cc500000, 0x00000007cc500000|100%| E|CS|TAMS 0x00000007cc400000, 0x00000007cc400000| Complete 
| 197|0x00000007cc500000, 0x00000007cc600000, 0x00000007cc600000|100%| E|CS|TAMS 0x00000007cc500000, 0x00000007cc500000| Complete 
| 198|0x00000007cc600000, 0x00000007cc700000, 0x00000007cc700000|100%| E|CS|TAMS 0x00000007cc600000, 0x00000007cc600000| Complete 
| 199|0x00000007cc700000, 0x00000007cc800000, 0x00000007cc800000|100%| E|CS|TAMS 0x00000007cc700000, 0x00000007cc700000| Complete 
| 200|0x00000007cc800000, 0x00000007cc900000, 0x00000007cc900000|100%| E|CS|TAMS 0x00000007cc800000, 0x00000007cc800000| Complete 
| 201|0x00000007cc900000, 0x00000007cca00000, 0x00000007cca00000|100%| E|CS|TAMS 0x00000007cc900000, 0x00000007cc900000| Complete 
| 202|0x00000007cca00000, 0x00000007ccb00000, 0x00000007ccb00000|100%| E|CS|TAMS 0x00000007cca00000, 0x00000007cca00000| Complete 
| 203|0x00000007ccb00000, 0x00000007ccc00000, 0x00000007ccc00000|100%| E|CS|TAMS 0x00000007ccb00000, 0x00000007ccb00000| Complete 
| 204|0x00000007ccc00000, 0x00000007ccd00000, 0x00000007ccd00000|100%| E|CS|TAMS 0x00000007ccc00000, 0x00000007ccc00000| Complete 
| 205|0x00000007ccd00000, 0x00000007cce00000, 0x00000007cce00000|100%| E|CS|TAMS 0x00000007ccd00000, 0x00000007ccd00000| Complete 
| 206|0x00000007cce00000, 0x00000007ccf00000, 0x00000007ccf00000|100%| E|CS|TAMS 0x00000007cce00000, 0x00000007cce00000| Complete 
| 207|0x00000007ccf00000, 0x00000007cd000000, 0x00000007cd000000|100%| E|CS|TAMS 0x00000007ccf00000, 0x00000007ccf00000| Complete 
| 208|0x00000007cd000000, 0x00000007cd100000, 0x00000007cd100000|100%| E|CS|TAMS 0x00000007cd000000, 0x00000007cd000000| Complete 
| 209|0x00000007cd100000, 0x00000007cd200000, 0x00000007cd200000|100%| E|CS|TAMS 0x00000007cd100000, 0x00000007cd100000| Complete 
| 210|0x00000007cd200000, 0x00000007cd300000, 0x00000007cd300000|100%| E|CS|TAMS 0x00000007cd200000, 0x00000007cd200000| Complete 
| 211|0x00000007cd300000, 0x00000007cd400000, 0x00000007cd400000|100%| E|CS|TAMS 0x00000007cd300000, 0x00000007cd300000| Complete 
| 212|0x00000007cd400000, 0x00000007cd500000, 0x00000007cd500000|100%| E|CS|TAMS 0x00000007cd400000, 0x00000007cd400000| Complete 
| 213|0x00000007cd500000, 0x00000007cd600000, 0x00000007cd600000|100%| E|CS|TAMS 0x00000007cd500000, 0x00000007cd500000| Complete 
| 214|0x00000007cd600000, 0x00000007cd700000, 0x00000007cd700000|100%| E|CS|TAMS 0x00000007cd600000, 0x00000007cd600000| Complete 
| 215|0x00000007cd700000, 0x00000007cd800000, 0x00000007cd800000|100%| E|CS|TAMS 0x00000007cd700000, 0x00000007cd700000| Complete 
| 216|0x00000007cd800000, 0x00000007cd900000, 0x00000007cd900000|100%| E|CS|TAMS 0x00000007cd800000, 0x00000007cd800000| Complete 
| 217|0x00000007cd900000, 0x00000007cda00000, 0x00000007cda00000|100%| E|CS|TAMS 0x00000007cd900000, 0x00000007cd900000| Complete 
| 218|0x00000007cda00000, 0x00000007cdb00000, 0x00000007cdb00000|100%| E|CS|TAMS 0x00000007cda00000, 0x00000007cda00000| Complete 
| 219|0x00000007cdb00000, 0x00000007cdc00000, 0x00000007cdc00000|100%| E|CS|TAMS 0x00000007cdb00000, 0x00000007cdb00000| Complete 
| 220|0x00000007cdc00000, 0x00000007cdd00000, 0x00000007cdd00000|100%| E|CS|TAMS 0x00000007cdc00000, 0x00000007cdc00000| Complete 
| 221|0x00000007cdd00000, 0x00000007cde00000, 0x00000007cde00000|100%| E|CS|TAMS 0x00000007cdd00000, 0x00000007cdd00000| Complete 
| 222|0x00000007cde00000, 0x00000007cdf00000, 0x00000007cdf00000|100%| E|CS|TAMS 0x00000007cde00000, 0x00000007cde00000| Complete 
| 223|0x00000007cdf00000, 0x00000007ce000000, 0x00000007ce000000|100%| E|CS|TAMS 0x00000007cdf00000, 0x00000007cdf00000| Complete 
| 224|0x00000007ce000000, 0x00000007ce100000, 0x00000007ce100000|100%| E|CS|TAMS 0x00000007ce000000, 0x00000007ce000000| Complete 
| 225|0x00000007ce100000, 0x00000007ce200000, 0x00000007ce200000|100%| E|CS|TAMS 0x00000007ce100000, 0x00000007ce100000| Complete 
| 226|0x00000007ce200000, 0x00000007ce300000, 0x00000007ce300000|100%| E|CS|TAMS 0x00000007ce200000, 0x00000007ce200000| Complete 
| 227|0x00000007ce300000, 0x00000007ce400000, 0x00000007ce400000|100%| E|CS|TAMS 0x00000007ce300000, 0x00000007ce300000| Complete 
| 228|0x00000007ce400000, 0x00000007ce500000, 0x00000007ce500000|100%| E|CS|TAMS 0x00000007ce400000, 0x00000007ce400000| Complete 
| 229|0x00000007ce500000, 0x00000007ce600000, 0x00000007ce600000|100%| E|CS|TAMS 0x00000007ce500000, 0x00000007ce500000| Complete 
| 230|0x00000007ce600000, 0x00000007ce700000, 0x00000007ce700000|100%| E|CS|TAMS 0x00000007ce600000, 0x00000007ce600000| Complete 
| 231|0x00000007ce700000, 0x00000007ce800000, 0x00000007ce800000|100%| E|CS|TAMS 0x00000007ce700000, 0x00000007ce700000| Complete 
| 232|0x00000007ce800000, 0x00000007ce900000, 0x00000007ce900000|100%| E|CS|TAMS 0x00000007ce800000, 0x00000007ce800000| Complete 
| 233|0x00000007ce900000, 0x00000007cea00000, 0x00000007cea00000|100%| E|CS|TAMS 0x00000007ce900000, 0x00000007ce900000| Complete 
| 234|0x00000007cea00000, 0x00000007ceb00000, 0x00000007ceb00000|100%| E|CS|TAMS 0x00000007cea00000, 0x00000007cea00000| Complete 
| 235|0x00000007ceb00000, 0x00000007cec00000, 0x00000007cec00000|100%| E|CS|TAMS 0x00000007ceb00000, 0x00000007ceb00000| Complete 
| 236|0x00000007cec00000, 0x00000007ced00000, 0x00000007ced00000|100%| E|CS|TAMS 0x00000007cec00000, 0x00000007cec00000| Complete 
| 237|0x00000007ced00000, 0x00000007cee00000, 0x00000007cee00000|100%| E|CS|TAMS 0x00000007ced00000, 0x00000007ced00000| Complete 
| 238|0x00000007cee00000, 0x00000007cef00000, 0x00000007cef00000|100%| E|CS|TAMS 0x00000007cee00000, 0x00000007cee00000| Complete 
| 239|0x00000007cef00000, 0x00000007cf000000, 0x00000007cf000000|100%| E|CS|TAMS 0x00000007cef00000, 0x00000007cef00000| Complete 
| 240|0x00000007cf000000, 0x00000007cf100000, 0x00000007cf100000|100%| E|CS|TAMS 0x00000007cf000000, 0x00000007cf000000| Complete 
| 241|0x00000007cf100000, 0x00000007cf200000, 0x00000007cf200000|100%| E|CS|TAMS 0x00000007cf100000, 0x00000007cf100000| Complete 
| 242|0x00000007cf200000, 0x00000007cf300000, 0x00000007cf300000|100%| E|CS|TAMS 0x00000007cf200000, 0x00000007cf200000| Complete 
| 243|0x00000007cf300000, 0x00000007cf400000, 0x00000007cf400000|100%| E|CS|TAMS 0x00000007cf300000, 0x00000007cf300000| Complete 
| 244|0x00000007cf400000, 0x00000007cf500000, 0x00000007cf500000|100%| E|CS|TAMS 0x00000007cf400000, 0x00000007cf400000| Complete 
| 245|0x00000007cf500000, 0x00000007cf600000, 0x00000007cf600000|100%| E|CS|TAMS 0x00000007cf500000, 0x00000007cf500000| Complete 
| 246|0x00000007cf600000, 0x00000007cf700000, 0x00000007cf700000|100%| E|CS|TAMS 0x00000007cf600000, 0x00000007cf600000| Complete 
| 247|0x00000007cf700000, 0x00000007cf800000, 0x00000007cf800000|100%| E|CS|TAMS 0x00000007cf700000, 0x00000007cf700000| Complete 
| 248|0x00000007cf800000, 0x00000007cf900000, 0x00000007cf900000|100%| E|CS|TAMS 0x00000007cf800000, 0x00000007cf800000| Complete 
| 249|0x00000007cf900000, 0x00000007cf973bf0, 0x00000007cfa00000| 45%| O|  |TAMS 0x00000007cf900000, 0x00000007cf900000| Untracked 
| 250|0x00000007cfa00000, 0x00000007cfb00000, 0x00000007cfb00000|100%| E|CS|TAMS 0x00000007cfa00000, 0x00000007cfa00000| Complete 
| 251|0x00000007cfb00000, 0x00000007cfc00000, 0x00000007cfc00000|100%| E|CS|TAMS 0x00000007cfb00000, 0x00000007cfb00000| Complete 
| 252|0x00000007cfc00000, 0x00000007cfd00000, 0x00000007cfd00000|100%| E|CS|TAMS 0x00000007cfc00000, 0x00000007cfc00000| Complete 
| 253|0x00000007cfd00000, 0x00000007cfe00000, 0x00000007cfe00000|100%| E|CS|TAMS 0x00000007cfd00000, 0x00000007cfd00000| Complete 
| 254|0x00000007cfe00000, 0x00000007cff00000, 0x00000007cff00000|100%| E|CS|TAMS 0x00000007cfe00000, 0x00000007cfe00000| Complete 
| 255|0x00000007cff00000, 0x00000007d0000000, 0x00000007d0000000|100%| E|CS|TAMS 0x00000007cff00000, 0x00000007cff00000| Complete 
| 256|0x00000007d0000000, 0x00000007d0100000, 0x00000007d0100000|100%| E|CS|TAMS 0x00000007d0000000, 0x00000007d0000000| Complete 
| 257|0x00000007d0100000, 0x00000007d0200000, 0x00000007d0200000|100%| E|CS|TAMS 0x00000007d0100000, 0x00000007d0100000| Complete 
| 258|0x00000007d0200000, 0x00000007d0300000, 0x00000007d0300000|100%| E|CS|TAMS 0x00000007d0200000, 0x00000007d0200000| Complete 
| 259|0x00000007d0300000, 0x00000007d0400000, 0x00000007d0400000|100%| E|CS|TAMS 0x00000007d0300000, 0x00000007d0300000| Complete 
| 260|0x00000007d0400000, 0x00000007d0500000, 0x00000007d0500000|100%| E|CS|TAMS 0x00000007d0400000, 0x00000007d0400000| Complete 
| 261|0x00000007d0500000, 0x00000007d0600000, 0x00000007d0600000|100%| E|CS|TAMS 0x00000007d0500000, 0x00000007d0500000| Complete 
| 262|0x00000007d0600000, 0x00000007d0700000, 0x00000007d0700000|100%| E|CS|TAMS 0x00000007d0600000, 0x00000007d0600000| Complete 
| 263|0x00000007d0700000, 0x00000007d0800000, 0x00000007d0800000|100%| E|CS|TAMS 0x00000007d0700000, 0x00000007d0700000| Complete 
| 264|0x00000007d0800000, 0x00000007d0900000, 0x00000007d0900000|100%| E|CS|TAMS 0x00000007d0800000, 0x00000007d0800000| Complete 
| 265|0x00000007d0900000, 0x00000007d0a00000, 0x00000007d0a00000|100%| E|CS|TAMS 0x00000007d0900000, 0x00000007d0900000| Complete 
| 266|0x00000007d0a00000, 0x00000007d0b00000, 0x00000007d0b00000|100%| E|CS|TAMS 0x00000007d0a00000, 0x00000007d0a00000| Complete 
| 267|0x00000007d0b00000, 0x00000007d0c00000, 0x00000007d0c00000|100%| E|CS|TAMS 0x00000007d0b00000, 0x00000007d0b00000| Complete 
| 268|0x00000007d0c00000, 0x00000007d0d00000, 0x00000007d0d00000|100%| E|CS|TAMS 0x00000007d0c00000, 0x00000007d0c00000| Complete 
| 269|0x00000007d0d00000, 0x00000007d0e00000, 0x00000007d0e00000|100%| E|CS|TAMS 0x00000007d0d00000, 0x00000007d0d00000| Complete 
| 270|0x00000007d0e00000, 0x00000007d0f00000, 0x00000007d0f00000|100%| E|CS|TAMS 0x00000007d0e00000, 0x00000007d0e00000| Complete 
| 271|0x00000007d0f00000, 0x00000007d1000000, 0x00000007d1000000|100%| E|CS|TAMS 0x00000007d0f00000, 0x00000007d0f00000| Complete 
| 272|0x00000007d1000000, 0x00000007d1100000, 0x00000007d1100000|100%| E|CS|TAMS 0x00000007d1000000, 0x00000007d1000000| Complete 
| 273|0x00000007d1100000, 0x00000007d1200000, 0x00000007d1200000|100%| E|CS|TAMS 0x00000007d1100000, 0x00000007d1100000| Complete 
| 274|0x00000007d1200000, 0x00000007d1300000, 0x00000007d1300000|100%| E|CS|TAMS 0x00000007d1200000, 0x00000007d1200000| Complete 
|1022|0x00000007ffe00000, 0x00000007ffe48000, 0x00000007fff00000| 28%|OA|  |TAMS 0x00000007ffe48000, 0x00000007ffe00000| Untracked 
|1023|0x00000007fff00000, 0x00000007fff77000, 0x0000000800000000| 46%|CA|  |TAMS 0x00000007fff77000, 0x00000007fff00000| Untracked 

Card table byte_map: [0x0000000139a22000,0x0000000139c22000] _byte_map_base: 0x0000000135c22000

Marking Bits (Prev, Next): (CMBitMap*) 0x00007fc6f4770c58, (CMBitMap*) 0x00007fc6f4770c18
 Prev Bits: [0x00000001550d5000, 0x00000001560d5000)
 Next Bits: [0x00000001540d5000, 0x00000001550d5000)

Polling page: 0x00000001092e1000

Metaspace:

Usage:
  Non-class:     10.39 MB capacity,     9.04 MB ( 87%) used,     1.31 MB ( 13%) free+waste,    40.94 KB ( <1%) overhead. 
      Class:      1.93 MB capacity,     1.65 MB ( 85%) used,   269.11 KB ( 14%) free+waste,    21.38 KB (  1%) overhead. 
       Both:     12.32 MB capacity,    10.69 MB ( 87%) used,     1.57 MB ( 13%) free+waste,    62.31 KB ( <1%) overhead. 

Virtual space:
  Non-class space:       12.00 MB reserved,      10.50 MB ( 88%) committed 
      Class space:        1.00 GB reserved,       2.00 MB ( <1%) committed 
             Both:        1.01 GB reserved,      12.50 MB (  1%) committed 

Chunk freelists:
   Non-Class:  44.00 KB
       Class:  0 bytes
        Both:  44.00 KB

MaxMetaspaceSize: unlimited
CompressedClassSpaceSize: 1.00 GB

CodeHeap 'non-profiled nmethods': size=120028Kb used=2104Kb max_used=2169Kb free=117923Kb
 bounds [0x000000014cb9e000, 0x000000014ce0e000, 0x00000001540d5000]
CodeHeap 'profiled nmethods': size=120028Kb used=4966Kb max_used=6913Kb free=115061Kb
 bounds [0x0000000145667000, 0x0000000145d37000, 0x000000014cb9e000]
CodeHeap 'non-nmethods': size=5704Kb used=1166Kb max_used=1205Kb free=4537Kb
 bounds [0x00000001450d5000, 0x0000000145345000, 0x0000000145667000]
 total_blobs=5868 nmethods=2965 adapters=320
 compilation: enabled
              stopped_count=0, restarted_count=0
 full_count=0

Compilation events (20 events):
Event: 394.964 Thread 0x00007fc6fb032800 3906       3       java.util.regex.Pattern::curly (115 bytes)
Event: 394.965 Thread 0x00007fc6fb032800 nmethod 3906 0x000000014595a010 code [0x000000014595a340, 0x000000014595bda8]
Event: 394.988 Thread 0x00007fc6fb026000 3907       4       scala.math.Ordering$Int$::compare (13 bytes)
Event: 394.989 Thread 0x00007fc6fb026000 nmethod 3907 0x000000014cccbb10 code [0x000000014cccbca0, 0x000000014cccbdb8]
Event: 395.012 Thread 0x00007fc6fb032800 3908   !   3       java.util.regex.Pattern::<init> (144 bytes)
Event: 395.013 Thread 0x00007fc6fb032800 nmethod 3908 0x0000000145908d10 code [0x0000000145909040, 0x000000014590a4d8]
Event: 395.219 Thread 0x00007fc6fb026000 3909       4       kr.lucypark.okt.OktInterface::tokenize (163 bytes)
Event: 395.230 Thread 0x00007fc6fb032800 3910       3       org.openkoreantext.processor.tokenizer.KoreanChunker$$$Lambda$60/0x0000000800c4a840::apply (12 bytes)
Event: 395.230 Thread 0x00007fc6fb032800 nmethod 3910 0x000000014597a710 code [0x000000014597a8e0, 0x000000014597ad88]
Event: 395.230 Thread 0x00007fc6fb032800 3911       3       org.openkoreantext.processor.tokenizer.KoreanChunker$::$anonfun$splitChunks$2$adapted (9 bytes)
Event: 395.230 Thread 0x00007fc6fb032800 nmethod 3911 0x0000000145994490 code [0x0000000145994660, 0x0000000145994968]
Event: 395.256 Thread 0x00007fc6fb026000 nmethod 3909 0x000000014cdbba10 code [0x000000014cdbbd20, 0x000000014cdbd5e0]
Event: 842.199 Thread 0x00007fc6fb026000 3912       4       java.lang.ref.ReferenceQueue::reallyPoll (65 bytes)
Event: 842.203 Thread 0x00007fc6fb026000 nmethod 3912 0x000000014cbc7490 code [0x000000014cbc7620, 0x000000014cbc7978]
Event: 1295.586 Thread 0x00007fc6fb026000 3913   !   4       java.lang.ref.ReferenceQueue::remove (125 bytes)
Event: 1295.604 Thread 0x00007fc6fb026000 nmethod 3913 0x000000014ccc7a90 code [0x000000014ccc7c40, 0x000000014ccc88c8]
Event: 2069.041 Thread 0x00007fc6fb032800 3914   !   3       jdk.internal.ref.PhantomCleanable::isListEmpty (34 bytes)
Event: 2069.042 Thread 0x00007fc6fb032800 nmethod 3914 0x00000001457f3690 code [0x00000001457f3840, 0x00000001457f3bf0]
Event: 2069.042 Thread 0x00007fc6fb032800 3915       3       jdk.internal.misc.InnocuousThread::eraseThreadLocals (23 bytes)
Event: 2069.042 Thread 0x00007fc6fb032800 nmethod 3915 0x0000000145910e10 code [0x0000000145910fc0, 0x0000000145911230]

GC Heap History (20 events):
Event: 392.365 GC heap before
{Heap before GC invocations=33 (full 4):
 garbage-first heap   total 283648K, used 240176K [0x00000007c0000000, 0x0000000800000000)
  region size 1024K, 158 young (161792K), 1 survivors (1024K)
 Metaspace       used 10935K, capacity 12548K, committed 12800K, reserved 1060864K
  class space    used 1684K, capacity 1976K, committed 2048K, reserved 1048576K
}
Event: 392.366 GC heap after
{Heap after GC invocations=34 (full 4):
 garbage-first heap   total 283648K, used 79404K [0x00000007c0000000, 0x0000000800000000)
  region size 1024K, 1 young (1024K), 1 survivors (1024K)
 Metaspace       used 10935K, capacity 12548K, committed 12800K, reserved 1060864K
  class space    used 1684K, capacity 1976K, committed 2048K, reserved 1048576K
}
Event: 392.669 GC heap before
{Heap before GC invocations=34 (full 4):
 garbage-first heap   total 283648K, used 241196K [0x00000007c0000000, 0x0000000800000000)
  region size 1024K, 159 young (162816K), 1 survivors (1024K)
 Metaspace       used 10937K, capacity 12548K, committed 12800K, reserved 1060864K
  class space    used 1684K, capacity 1976K, committed 2048K, reserved 1048576K
}
Event: 392.669 GC heap after
{Heap after GC invocations=35 (full 4):
 garbage-first heap   total 283648K, used 79396K [0x00000007c0000000, 0x0000000800000000)
  region size 1024K, 1 young (1024K), 1 survivors (1024K)
 Metaspace       used 10937K, capacity 12548K, committed 12800K, reserved 1060864K
  class space    used 1684K, capacity 1976K, committed 2048K, reserved 1048576K
}
Event: 392.966 GC heap before
{Heap before GC invocations=35 (full 4):
 garbage-first heap   total 283648K, used 242212K [0x00000007c0000000, 0x0000000800000000)
  region size 1024K, 160 young (163840K), 1 survivors (1024K)
 Metaspace       used 10937K, capacity 12548K, committed 12800K, reserved 1060864K
  class space    used 1684K, capacity 1976K, committed 2048K, reserved 1048576K
}
Event: 392.967 GC heap after
{Heap after GC invocations=36 (full 4):
 garbage-first heap   total 283648K, used 79408K [0x00000007c0000000, 0x0000000800000000)
  region size 1024K, 1 young (1024K), 1 survivors (1024K)
 Metaspace       used 10937K, capacity 12548K, committed 12800K, reserved 1060864K
  class space    used 1684K, capacity 1976K, committed 2048K, reserved 1048576K
}
Event: 393.256 GC heap before
{Heap before GC invocations=36 (full 4):
 garbage-first heap   total 283648K, used 243248K [0x00000007c0000000, 0x0000000800000000)
  region size 1024K, 161 young (164864K), 1 survivors (1024K)
 Metaspace       used 10937K, capacity 12548K, committed 12800K, reserved 1060864K
  class space    used 1684K, capacity 1976K, committed 2048K, reserved 1048576K
}
Event: 393.256 GC heap after
{Heap after GC invocations=37 (full 4):
 garbage-first heap   total 283648K, used 79412K [0x00000007c0000000, 0x0000000800000000)
  region size 1024K, 1 young (1024K), 1 survivors (1024K)
 Metaspace       used 10937K, capacity 12548K, committed 12800K, reserved 1060864K
  class space    used 1684K, capacity 1976K, committed 2048K, reserved 1048576K
}
Event: 393.573 GC heap before
{Heap before GC invocations=37 (full 4):
 garbage-first heap   total 283648K, used 244276K [0x00000007c0000000, 0x0000000800000000)
  region size 1024K, 162 young (165888K), 1 survivors (1024K)
 Metaspace       used 10937K, capacity 12548K, committed 12800K, reserved 1060864K
  class space    used 1684K, capacity 1976K, committed 2048K, reserved 1048576K
}
Event: 393.573 GC heap after
{Heap after GC invocations=38 (full 4):
 garbage-first heap   total 283648K, used 79415K [0x00000007c0000000, 0x0000000800000000)
  region size 1024K, 1 young (1024K), 1 survivors (1024K)
 Metaspace       used 10937K, capacity 12548K, committed 12800K, reserved 1060864K
  class space    used 1684K, capacity 1976K, committed 2048K, reserved 1048576K
}
Event: 393.868 GC heap before
{Heap before GC invocations=38 (full 4):
 garbage-first heap   total 283648K, used 244279K [0x00000007c0000000, 0x0000000800000000)
  region size 1024K, 162 young (165888K), 1 survivors (1024K)
 Metaspace       used 10937K, capacity 12548K, committed 12800K, reserved 1060864K
  class space    used 1684K, capacity 1976K, committed 2048K, reserved 1048576K
}
Event: 393.869 GC heap after
{Heap after GC invocations=39 (full 4):
 garbage-first heap   total 283648K, used 79416K [0x00000007c0000000, 0x0000000800000000)
  region size 1024K, 1 young (1024K), 1 survivors (1024K)
 Metaspace       used 10937K, capacity 12548K, committed 12800K, reserved 1060864K
  class space    used 1684K, capacity 1976K, committed 2048K, reserved 1048576K
}
Event: 394.156 GC heap before
{Heap before GC invocations=39 (full 4):
 garbage-first heap   total 283648K, used 244280K [0x00000007c0000000, 0x0000000800000000)
  region size 1024K, 162 young (165888K), 1 survivors (1024K)
 Metaspace       used 10937K, capacity 12548K, committed 12800K, reserved 1060864K
  class space    used 1684K, capacity 1976K, committed 2048K, reserved 1048576K
}
Event: 394.157 GC heap after
{Heap after GC invocations=40 (full 4):
 garbage-first heap   total 283648K, used 79416K [0x00000007c0000000, 0x0000000800000000)
  region size 1024K, 1 young (1024K), 1 survivors (1024K)
 Metaspace       used 10937K, capacity 12548K, committed 12800K, reserved 1060864K
  class space    used 1684K, capacity 1976K, committed 2048K, reserved 1048576K
}
Event: 394.447 GC heap before
{Heap before GC invocations=40 (full 4):
 garbage-first heap   total 283648K, used 244280K [0x00000007c0000000, 0x0000000800000000)
  region size 1024K, 162 young (165888K), 1 survivors (1024K)
 Metaspace       used 10937K, capacity 12548K, committed 12800K, reserved 1060864K
  class space    used 1684K, capacity 1976K, committed 2048K, reserved 1048576K
}
Event: 394.447 GC heap after
{Heap after GC invocations=41 (full 4):
 garbage-first heap   total 283648K, used 79426K [0x00000007c0000000, 0x0000000800000000)
  region size 1024K, 1 young (1024K), 1 survivors (1024K)
 Metaspace       used 10937K, capacity 12548K, committed 12800K, reserved 1060864K
  class space    used 1684K, capacity 1976K, committed 2048K, reserved 1048576K
}
Event: 394.726 GC heap before
{Heap before GC invocations=41 (full 4):
 garbage-first heap   total 283648K, used 245314K [0x00000007c0000000, 0x0000000800000000)
  region size 1024K, 163 young (166912K), 1 survivors (1024K)
 Metaspace       used 10937K, capacity 12548K, committed 12800K, reserved 1060864K
  class space    used 1684K, capacity 1976K, committed 2048K, reserved 1048576K
}
Event: 394.726 GC heap after
{Heap after GC invocations=42 (full 4):
 garbage-first heap   total 283648K, used 79431K [0x00000007c0000000, 0x0000000800000000)
  region size 1024K, 1 young (1024K), 1 survivors (1024K)
 Metaspace       used 10937K, capacity 12548K, committed 12800K, reserved 1060864K
  class space    used 1684K, capacity 1976K, committed 2048K, reserved 1048576K
}
Event: 395.022 GC heap before
{Heap before GC invocations=42 (full 4):
 garbage-first heap   total 283648K, used 245319K [0x00000007c0000000, 0x0000000800000000)
  region size 1024K, 163 young (166912K), 1 survivors (1024K)
 Metaspace       used 10937K, capacity 12548K, committed 12800K, reserved 1060864K
  class space    used 1684K, capacity 1976K, committed 2048K, reserved 1048576K
}
Event: 395.023 GC heap after
{Heap after GC invocations=43 (full 4):
 garbage-first heap   total 283648K, used 79427K [0x00000007c0000000, 0x0000000800000000)
  region size 1024K, 1 young (1024K), 1 survivors (1024K)
 Metaspace       used 10937K, capacity 12548K, committed 12800K, reserved 1060864K
  class space    used 1684K, capacity 1976K, committed 2048K, reserved 1048576K
}

Deoptimization events (20 events):
Event: 392.062 Thread 0x00007fc6f4e16800 DEOPT PACKING pc=0x0000000145cfc699 sp=0x00007ff7b7263910
Event: 392.062 Thread 0x00007fc6f4e16800 DEOPT UNPACKING pc=0x000000014511e33a sp=0x00007ff7b7262e20 mode 0
Event: 392.346 Thread 0x00007fc6f4e16800 Uncommon trap: trap_request=0xffffff45 fr.pc=0x000000014cc39684 relative=0x00000000000016e4
Event: 392.346 Thread 0x00007fc6f4e16800 Uncommon trap: reason=unstable_if action=reinterpret pc=0x000000014cc39684 method=org.openkoreantext.processor.stemmer.KoreanStemmer$.$anonfun$stem$2(Lorg/openkoreantext/processor/stemmer/KoreanStemmer$;Lscala/collection/immutable/List;Lorg/openkoreantext
Event: 392.346 Thread 0x00007fc6f4e16800 DEOPT PACKING pc=0x000000014cc39684 sp=0x00007ff7b7263fe0
Event: 392.347 Thread 0x00007fc6f4e16800 DEOPT UNPACKING pc=0x000000014511de25 sp=0x00007ff7b7263f60 mode 2
Event: 392.519 Thread 0x00007fc6f4e16800 DEOPT PACKING pc=0x0000000145cc490b sp=0x00007ff7b72638c0
Event: 392.519 Thread 0x00007fc6f4e16800 DEOPT UNPACKING pc=0x000000014511e33a sp=0x00007ff7b7262d68 mode 0
Event: 393.091 Thread 0x00007fc6f4e16800 Uncommon trap: trap_request=0xffffff45 fr.pc=0x000000014cd0b0dc relative=0x000000000000239c
Event: 393.091 Thread 0x00007fc6f4e16800 Uncommon trap: reason=unstable_if action=reinterpret pc=0x000000014cd0b0dc method=org.openkoreantext.processor.tokenizer.ParsedChunk.$anonfun$josaMismatched$1(Lscala/collection/Seq;)Z @ 214 c2
Event: 393.091 Thread 0x00007fc6f4e16800 DEOPT PACKING pc=0x000000014cd0b0dc sp=0x00007ff7b7263b00
Event: 393.091 Thread 0x00007fc6f4e16800 DEOPT UNPACKING pc=0x000000014511de25 sp=0x00007ff7b7263ad0 mode 2
Event: 393.112 Thread 0x00007fc6f4e16800 DEOPT PACKING pc=0x00000001456bb5d7 sp=0x00007ff7b7263eb0
Event: 393.112 Thread 0x00007fc6f4e16800 DEOPT UNPACKING pc=0x000000014511e33a sp=0x00007ff7b7263380 mode 0
Event: 393.425 Thread 0x00007fc6f4e16800 DEOPT PACKING pc=0x0000000145cd7d8f sp=0x00007ff7b7264210
Event: 393.425 Thread 0x00007fc6f4e16800 DEOPT UNPACKING pc=0x000000014511e33a sp=0x00007ff7b7263750 mode 0
Event: 394.303 Thread 0x00007fc6f4e16800 DEOPT PACKING pc=0x0000000145673a2f sp=0x00007ff7b7264210
Event: 394.303 Thread 0x00007fc6f4e16800 DEOPT UNPACKING pc=0x000000014511e33a sp=0x00007ff7b7263750 mode 0
Event: 395.219 Thread 0x00007fc6f4e16800 DEOPT PACKING pc=0x0000000145673a0e sp=0x00007ff7b7264210
Event: 395.219 Thread 0x00007fc6f4e16800 DEOPT UNPACKING pc=0x000000014511e33a sp=0x00007ff7b7263750 mode 0

Classes unloaded (0 events):
No events

Classes redefined (0 events):
No events

Internal exceptions (20 events):
Event: 0.214 Thread 0x00007fc6f4e16800 Exception <a 'java/lang/NoSuchMethodError'{0x00000007cfeff860}: 'int java.lang.invoke.DirectMethodHandle$Holder.invokeStaticInit(java.lang.Object, java.lang.Object)'> (0x00000007cfeff860) 
thrown [/private/tmp/openjdk-20200206-75669-1lx9p0o/jdk13u-jdk-13.0.2+8/src/hotspot/share/interpreter/linkResolver.cpp, line 767]
Event: 0.215 Thread 0x00007fc6f4e16800 Exception <a 'java/lang/NoSuchMethodError'{0x00000007cfd058d0}: 'java.lang.Object java.lang.invoke.DirectMethodHandle$Holder.invokeStaticInit(java.lang.Object, int)'> (0x00000007cfd058d0) 
thrown [/private/tmp/openjdk-20200206-75669-1lx9p0o/jdk13u-jdk-13.0.2+8/src/hotspot/share/interpreter/linkResolver.cpp, line 767]
Event: 0.236 Thread 0x00007fc6f4e16800 Exception <a 'java/lang/NoSuchMethodError'{0x00000007cfd79368}: 'java.lang.Object java.lang.invoke.DirectMethodHandle$Holder.invokeStatic(java.lang.Object, int, java.lang.Object, java.lang.Object, java.lang.Object)'> (0x00000007cfd79368) 
thrown [/private/tmp/openjdk-20200206-75669-1lx9p0o/jdk13u-jdk-13.0.2+8/src/hotspot/share/interpreter/linkResolver.cpp, line 767]
Event: 0.288 Thread 0x00007fc6f4e16800 Exception <a 'java/lang/IncompatibleClassChangeError'{0x00000007cfc53300}: Found class java.lang.Object, but interface was expected> (0x00000007cfc53300) 
thrown [/private/tmp/openjdk-20200206-75669-1lx9p0o/jdk13u-jdk-13.0.2+8/src/hotspot/share/interpreter/linkResolver.cpp, line 833]
Event: 1.136 Thread 0x00007fc6f4e16800 Exception <a 'java/lang/NoSuchMethodError'{0x00000007c17a8608}: 'java.lang.Object java.lang.invoke.DirectMethodHandle$Holder.invokeStaticInit(java.lang.Object, java.lang.Object, java.lang.Object)'> (0x00000007c17a8608) 
thrown [/private/tmp/openjdk-20200206-75669-1lx9p0o/jdk13u-jdk-13.0.2+8/src/hotspot/share/interpreter/linkResolver.cpp, line 767]
Event: 1.190 Thread 0x00007fc6f4e16800 Exception <a 'java/lang/NoSuchMethodError'{0x00000007c17379e0}: 'int java.lang.invoke.DirectMethodHandle$Holder.invokeSpecialIFC(java.lang.Object, java.lang.Object, int)'> (0x00000007c17379e0) 
thrown [/private/tmp/openjdk-20200206-75669-1lx9p0o/jdk13u-jdk-13.0.2+8/src/hotspot/share/interpreter/linkResolver.cpp, line 767]
Event: 1.206 Thread 0x00007fc6f4e16800 Exception <a 'java/lang/NoSuchMethodError'{0x00000007c17b01b0}: 'int java.lang.invoke.DirectMethodHandle$Holder.invokeStatic(java.lang.Object, java.lang.Object, int)'> (0x00000007c17b01b0) 
thrown [/private/tmp/openjdk-20200206-75669-1lx9p0o/jdk13u-jdk-13.0.2+8/src/hotspot/share/interpreter/linkResolver.cpp, line 767]
Event: 1.233 Thread 0x00007fc6f4e16800 Exception <a 'java/lang/NoSuchMethodError'{0x00000007c16c9b40}: 'java.lang.Object java.lang.invoke.DirectMethodHandle$Holder.invokeStatic(java.lang.Object, java.lang.Object, int, java.lang.Object)'> (0x00000007c16c9b40) 
thrown [/private/tmp/openjdk-20200206-75669-1lx9p0o/jdk13u-jdk-13.0.2+8/src/hotspot/share/interpreter/linkResolver.cpp, line 767]
Event: 1.233 Thread 0x00007fc6f4e16800 Exception <a 'java/lang/NoSuchMethodError'{0x00000007c16cfa60}: 'java.lang.Object java.lang.invoke.Invokers$Holder.linkToTargetMethod(java.lang.Object, int, java.lang.Object, java.lang.Object)'> (0x00000007c16cfa60) 
thrown [/private/tmp/openjdk-20200206-75669-1lx9p0o/jdk13u-jdk-13.0.2+8/src/hotspot/share/interpreter/linkResolver.cpp, line 767]
Event: 1.254 Thread 0x00007fc6f4e16800 Exception <a 'java/lang/NoSuchMethodError'{0x00000007c15a0dd0}: 'java.lang.Object java.lang.invoke.DirectMethodHandle$Holder.invokeStaticInit(java.lang.Object, java.lang.Object, java.lang.Object, java.lang.Object)'> (0x00000007c15a0dd0) 
thrown [/private/tmp/openjdk-20200206-75669-1lx9p0o/jdk13u-jdk-13.0.2+8/src/hotspot/share/interpreter/linkResolver.cpp, line 767]
Event: 1.479 Thread 0x00007fc6f4e16800 Exception <a 'java/lang/NoSuchMethodError'{0x00000007c87d6fe8}: 'java.lang.Object java.lang.invoke.Invokers$Holder.linkToTargetMethod(java.lang.Object, int, java.lang.Object)'> (0x00000007c87d6fe8) 
thrown [/private/tmp/openjdk-20200206-75669-1lx9p0o/jdk13u-jdk-13.0.2+8/src/hotspot/share/interpreter/linkResolver.cpp, line 767]
Event: 1.486 Thread 0x00007fc6f4e16800 Exception <a 'java/lang/NoSuchMethodError'{0x00000007c860fc50}: 'java.lang.Object java.lang.invoke.DirectMethodHandle$Holder.invokeStatic(java.lang.Object, int, int, java.lang.Object)'> (0x00000007c860fc50) 
thrown [/private/tmp/openjdk-20200206-75669-1lx9p0o/jdk13u-jdk-13.0.2+8/src/hotspot/share/interpreter/linkResolver.cpp, line 767]
Event: 2.164 Thread 0x00007fc6f4e16800 Exception <a 'java/lang/NoSuchMethodError'{0x00000007cd0a62e0}: 'java.lang.Object java.lang.invoke.DirectMethodHandle$Holder.invokeStatic(java.lang.Object, java.lang.Object, java.lang.Object, java.lang.Object, java.lang.Object, int)'> (0x00000007cd0a62e0) 
thrown [/private/tmp/openjdk-20200206-75669-1lx9p0o/jdk13u-jdk-13.0.2+8/src/hotspot/share/interpreter/linkResolver.cpp, line 767]
Event: 2.164 Thread 0x00007fc6f4e16800 Exception <a 'java/lang/NoSuchMethodError'{0x00000007cd0a9cb0}: 'java.lang.Object java.lang.invoke.DirectMethodHandle$Holder.invokeSpecial(java.lang.Object, java.lang.Object, java.lang.Object, java.lang.Object, java.lang.Object, java.lang.Object, int)'> (0x00000007cd0a9cb0) 
thrown [/private/tmp/openjdk-20200206-75669-1lx9p0o/jdk13u-jdk-13.0.2+8/src/hotspot/share/interpreter/linkResolver.cpp, line 767]
Event: 2.202 Thread 0x00007fc6f4e16800 Exception <a 'java/lang/NoSuchMethodError'{0x00000007ccf61798}: 'java.lang.Object java.lang.invoke.DirectMethodHandle$Holder.invokeStatic(java.lang.Object, java.lang.Object, java.lang.Object, java.lang.Object, int, java.lang.Object)'> (0x00000007ccf61798) 
thrown [/private/tmp/openjdk-20200206-75669-1lx9p0o/jdk13u-jdk-13.0.2+8/src/hotspot/share/interpreter/linkResolver.cpp, line 767]
Event: 2.202 Thread 0x00007fc6f4e16800 Exception <a 'java/lang/NoSuchMethodError'{0x00000007ccf64d38}: 'java.lang.Object java.lang.invoke.DirectMethodHandle$Holder.invokeSpecial(java.lang.Object, java.lang.Object, java.lang.Object, java.lang.Object, java.lang.Object, int, java.lang.Object)'> (0x00000007ccf64d38) 
thrown [/private/tmp/openjdk-20200206-75669-1lx9p0o/jdk13u-jdk-13.0.2+8/src/hotspot/share/interpreter/linkResolver.cpp, line 767]
Event: 2.202 Thread 0x00007fc6f4e16800 Exception <a 'java/lang/NoSuchMethodError'{0x00000007ccf67ba8}: 'java.lang.Object java.lang.invoke.Invokers$Holder.linkToTargetMethod(java.lang.Object, java.lang.Object, java.lang.Object, int, java.lang.Object, java.lang.Object)'> (0x00000007ccf67ba8) 
thrown [/private/tmp/openjdk-20200206-75669-1lx9p0o/jdk13u-jdk-13.0.2+8/src/hotspot/share/interpreter/linkResolver.cpp, line 767]
Event: 2.381 Thread 0x00007fc6f4e16800 Exception <a 'java/lang/NoSuchMethodError'{0x00000007ceb1d290}: 'java.lang.Object java.lang.invoke.DirectMethodHandle$Holder.invokeStaticInit(java.lang.Object, java.lang.Object, java.lang.Object, java.lang.Object, java.lang.Object)'> (0x00000007ceb1d290) 
thrown [/private/tmp/openjdk-20200206-75669-1lx9p0o/jdk13u-jdk-13.0.2+8/src/hotspot/share/interpreter/linkResolver.cpp, line 767]
Event: 2.383 Thread 0x00007fc6f4e16800 Exception <a 'java/lang/NoSuchMethodError'{0x00000007ceb28370}: 'java.lang.Object java.lang.invoke.Invokers$Holder.invoker(java.lang.Object, java.lang.Object, java.lang.Object)'> (0x00000007ceb28370) 
thrown [/private/tmp/openjdk-20200206-75669-1lx9p0o/jdk13u-jdk-13.0.2+8/src/hotspot/share/interpreter/linkResolver.cpp, line 767]
Event: 2.386 Thread 0x00007fc6f4e16800 Exception <a 'java/lang/NoSuchMethodError'{0x00000007ceb36f20}: 'void java.lang.invoke.DelegatingMethodHandle$Holder.delegate(java.lang.Object, java.lang.Object, int, java.lang.Object)'> (0x00000007ceb36f20) 
thrown [/private/tmp/openjdk-20200206-75669-1lx9p0o/jdk13u-jdk-13.0.2+8/src/hotspot/share/interpreter/linkResolver.cpp, line 767]

Events (20 events):
Event: 842.208 Thread 0x00007fc6fb033800 flushing nmethod 0x0000000145cb3a10
Event: 842.208 Thread 0x00007fc6fb033800 flushing nmethod 0x0000000145cb8c90
Event: 842.208 Thread 0x00007fc6fb033800 flushing nmethod 0x0000000145ccff90
Event: 842.208 Thread 0x00007fc6fb033800 flushing nmethod 0x0000000145ce2010
Event: 842.208 Thread 0x00007fc6fb033800 flushing nmethod 0x0000000145ce7390
Event: 842.208 Thread 0x00007fc6fb033800 flushing nmethod 0x0000000145ce7910
Event: 842.209 Thread 0x00007fc6fb033800 flushing nmethod 0x0000000145cf3290
Event: 842.209 Thread 0x00007fc6fb033800 flushing nmethod 0x0000000145cf3610
Event: 842.209 Thread 0x00007fc6fb033800 flushing nmethod 0x0000000145cf3990
Event: 842.209 Thread 0x00007fc6fb033800 flushing nmethod 0x0000000145cf8690
Event: 842.209 Thread 0x00007fc6fb033800 flushing nmethod 0x0000000145cffd10
Event: 842.209 Thread 0x00007fc6fb033800 flushing nmethod 0x0000000145d01390
Event: 842.209 Thread 0x00007fc6fb033800 flushing nmethod 0x0000000145d03390
Event: 842.209 Thread 0x00007fc6fb033800 flushing nmethod 0x0000000145d03c10
Event: 842.209 Thread 0x00007fc6fb033800 flushing nmethod 0x0000000145d08490
Event: 842.209 Thread 0x00007fc6fb033800 flushing nmethod 0x0000000145d0fe10
Event: 2101.979 loading class jdk/internal/misc/Signal$1
Event: 2101.980 loading class jdk/internal/misc/Signal$1 done
Event: 2101.981 Thread 0x00007fc6f5fad800 Thread added: 0x00007fc6f5fad800
Event: 2101.981 Protecting memory [0x0000700017f60000,0x0000700017f64000] with protection modes 0


Dynamic libraries:
0x00000001093b5000 	/usr/local/Cellar/python@3.12/3.12.12/Frameworks/Python.framework/Versions/3.12/Python
0x0000000108dde000 	/usr/local/Cellar/gettext/0.26_1/lib/libintl.8.dylib
0x00007ff811021000 	/System/Library/Frameworks/CoreFoundation.framework/Versions/A/CoreFoundation
0x00007ff810e66000 	/usr/lib/libobjc.A.dylib
0x00007ff81bda6000 	/usr/lib/liboah.dylib
0x00007ff81bdda000 	/usr/lib/libfakelink.dylib
0x00007ff813383000 	/usr/lib/libicucore.A.dylib
0x00007ff81bdd8000 	/usr/lib/libSystem.B.dylib
0x00007ff81bdde000 	/System/Library/PrivateFrameworks/SoftLinking.framework/Versions/A/SoftLinking
0x00007ff810f86000 	/usr/lib/libc++abi.dylib
0x00007ff810f2d000 	/usr/lib/libc++.1.dylib
0x00007ff81bdd3000 	/usr/lib/system/libcache.dylib
0x00007ff81bd8f000 	/usr/lib/system/libcommonCrypto.dylib
0x00007ff81bdb8000 	/usr/lib/system/libcompiler_rt.dylib
0x00007ff81bdae000 	/usr/lib/system/libcopyfile.dylib
0x00007ff810d61000 	/usr/lib/system/libcorecrypto.dylib
0x00007ff810e1f000 	/usr/lib/system/libdispatch.dylib
0x00007ff810fe0000 	/usr/lib/system/libdyld.dylib
0x00007ff81bdca000 	/usr/lib/system/libkeymgr.dylib
0x00007ff81bd6d000 	/usr/lib/system/libmacho.dylib
0x00007ff81b3ee000 	/usr/lib/system/libquarantine.dylib
0x00007ff81bdc8000 	/usr/lib/system/libremovefile.dylib
0x00007ff815f79000 	/usr/lib/system/libsystem_asl.dylib
0x00007ff810d0a000 	/usr/lib/system/libsystem_blocks.dylib
0x00007ff810ea4000 	/usr/lib/system/libsystem_c.dylib
0x00007ff81bdc0000 	/usr/lib/system/libsystem_collections.dylib
0x00007ff81a6a2000 	/usr/lib/system/libsystem_configuration.dylib
0x00007ff81994b000 	/usr/lib/system/libsystem_containermanager.dylib
0x00007ff81baa5000 	/usr/lib/system/libsystem_coreservices.dylib
0x00007ff813617000 	/usr/lib/system/libsystem_darwin.dylib
0x00007ff81bdcb000 	/usr/lib/system/libsystem_dnssd.dylib
0x00007ff810ea1000 	/usr/lib/system/libsystem_featureflags.dylib
0x00007ff810ff6000 	/usr/lib/system/libsystem_info.dylib
0x00007ff81bd0b000 	/usr/lib/system/libsystem_m.dylib
0x00007ff810df3000 	/usr/lib/system/libsystem_malloc.dylib
0x00007ff815f14000 	/usr/lib/system/libsystem_networkextension.dylib
0x00007ff813a41000 	/usr/lib/system/libsystem_notify.dylib
0x00007ff82204f000 	/usr/lib/system/libsystem_product_info_filter.dylib
0x00007ff81a6a6000 	/usr/lib/system/libsystem_sandbox.dylib
0x00007ff81bdc5000 	/usr/lib/system/libsystem_secinit.dylib
0x00007ff810f9c000 	/usr/lib/system/libsystem_kernel.dylib
0x00007ff810fec000 	/usr/lib/system/libsystem_platform.dylib
0x00007ff810fd4000 	/usr/lib/system/libsystem_pthread.dylib
0x00007ff8177c7000 	/usr/lib/system/libsystem_symptoms.dylib
0x00007ff810d48000 	/usr/lib/system/libsystem_trace.dylib
0x00007ff81bd9b000 	/usr/lib/system/libunwind.dylib
0x00007ff810d0c000 	/usr/lib/system/libxpc.dylib
0x00007ff81be19000 	/usr/lib/libiconv.2.dylib
0x00007ff81bd6c000 	/usr/lib/libcharset.1.dylib
0x00007ff82217c000 	/System/Library/Frameworks/CoreServices.framework/Versions/A/CoreServices
0x00007ff815a85000 	/System/Library/Frameworks/CFNetwork.framework/Versions/A/CFNetwork
0x00007ff81871e000 	/System/Library/Frameworks/CoreServices.framework/Versions/A/Frameworks/FSEvents.framework/Versions/A/FSEvents
0x00007ff813621000 	/System/Library/Frameworks/CoreServices.framework/Versions/A/Frameworks/CarbonCore.framework/Versions/A/CarbonCore
0x00007ff817a08000 	/System/Library/Frameworks/CoreServices.framework/Versions/A/Frameworks/Metadata.framework/Versions/A/Metadata
0x00007ff81baaa000 	/System/Library/Frameworks/CoreServices.framework/Versions/A/Frameworks/OSServices.framework/Versions/A/OSServices
0x00007ff81bfa1000 	/System/Library/Frameworks/CoreServices.framework/Versions/A/Frameworks/SearchKit.framework/Versions/A/SearchKit
0x00007ff817751000 	/System/Library/Frameworks/CoreServices.framework/Versions/A/Frameworks/AE.framework/Versions/A/AE
0x00007ff811524000 	/System/Library/Frameworks/CoreServices.framework/Versions/A/Frameworks/LaunchServices.framework/Versions/A/LaunchServices
0x00007ff81c4dd000 	/System/Library/Frameworks/CoreServices.framework/Versions/A/Frameworks/DictionaryServices.framework/Versions/A/DictionaryServices
0x00007ff81872b000 	/System/Library/Frameworks/CoreServices.framework/Versions/A/Frameworks/SharedFileList.framework/Versions/A/SharedFileList
0x00007ff813987000 	/System/Library/Frameworks/IOKit.framework/Versions/A/IOKit
0x00007ff813028000 	/System/Library/Frameworks/Security.framework/Versions/A/Security
0x00007ff811bb0000 	/System/Library/Frameworks/SystemConfiguration.framework/Versions/A/SystemConfiguration
0x00007ff81c02c000 	/usr/lib/libapple_nghttp2.dylib
0x00007ff815094000 	/usr/lib/libnetwork.dylib
0x00007ff8173e6000 	/usr/lib/libsqlite3.dylib
0x00007ff81bcf8000 	/usr/lib/libz.1.dylib
0x00007ff811e9e000 	/System/Library/Frameworks/Foundation.framework/Versions/C/Foundation
0x00007ff8179b5000 	/usr/lib/libDiagnosticMessagesClient.dylib
0x00007ff815f2b000 	/usr/lib/libenergytrace.dylib
0x00007ff81b415000 	/usr/lib/libbsm.0.dylib
0x00007ff81bd73000 	/usr/lib/system/libkxld.dylib
0x00007ffb2977c000 	/usr/lib/libCoreEntitlements.dylib
0x00007ff815f2c000 	/usr/lib/libMobileGestalt.dylib
0x00007ff81ba87000 	/System/Library/PrivateFrameworks/AppleFSCompression.framework/Versions/A/AppleFSCompression
0x00007ff81b3fd000 	/usr/lib/libcoretls.dylib
0x00007ff81c546000 	/usr/lib/libcoretls_cfhelpers.dylib
0x00007ff81c05c000 	/usr/lib/libpam.2.dylib
0x00007ff81c5b5000 	/usr/lib/libxar.1.dylib
0x00007ff818753000 	/System/Library/PrivateFrameworks/CoreAutoLayout.framework/Versions/A/CoreAutoLayout
0x00007ff81c062000 	/usr/lib/libcompression.dylib
0x00007ff817aa4000 	/System/Library/Frameworks/DiskArbitration.framework/Versions/A/DiskArbitration
0x00007ff81bf1b000 	/usr/lib/libarchive.2.dylib
0x00007ff81879b000 	/usr/lib/libxml2.2.dylib
0x00007ff81a6b2000 	/usr/lib/liblangid.dylib
0x00007ff81a6ae000 	/System/Library/PrivateFrameworks/AppleSystemInfo.framework/Versions/A/AppleSystemInfo
0x00007ff81b048000 	/System/Library/PrivateFrameworks/IOMobileFramebuffer.framework/Versions/A/IOMobileFramebuffer
0x00007ff819968000 	/System/Library/Frameworks/IOSurface.framework/Versions/A/IOSurface
0x00007ff81bddf000 	/usr/lib/libpcap.A.dylib
0x00007ff8177bf000 	/usr/lib/libdns_services.dylib
0x00007ff81c52c000 	/usr/lib/liblzma.5.dylib
0x00007ff81ba97000 	/usr/lib/libbz2.1.0.dylib
0x00007ff81b3f1000 	/usr/lib/libCheckFix.dylib
0x00007ff815f90000 	/System/Library/PrivateFrameworks/TCC.framework/Versions/A/TCC
0x00007ff81a6b4000 	/System/Library/PrivateFrameworks/CoreNLP.framework/Versions/A/CoreNLP
0x00007ff8179b8000 	/System/Library/PrivateFrameworks/MetadataUtilities.framework/Versions/A/MetadataUtilities
0x00007ff811c61000 	/usr/lib/libmecabra.dylib
0x00007ff822414000 	/System/Library/Frameworks/Accelerate.framework/Versions/A/Accelerate
0x00007ff81b425000 	/usr/lib/libmecab.dylib
0x00007ff811c2c000 	/usr/lib/libCRFSuite.dylib
0x00007ff81b47f000 	/usr/lib/libgermantok.dylib
0x00007ff81c007000 	/usr/lib/libThaiTokenizer.dylib
0x00007ff817aab000 	/System/Library/Frameworks/Accelerate.framework/Versions/A/Frameworks/vImage.framework/Versions/A/vImage
0x00007ff822153000 	/System/Library/Frameworks/Accelerate.framework/Versions/A/Frameworks/vecLib.framework/Versions/A/vecLib
0x00007ff81c5f6000 	/System/Library/Frameworks/Accelerate.framework/Versions/A/Frameworks/vecLib.framework/Versions/A/libvMisc.dylib
0x00007ff81ae73000 	/System/Library/Frameworks/Accelerate.framework/Versions/A/Frameworks/vecLib.framework/Versions/A/libvDSP.dylib
0x00007ff8118a0000 	/System/Library/Frameworks/Accelerate.framework/Versions/A/Frameworks/vecLib.framework/Versions/A/libBLAS.dylib
0x00007ff81c13f000 	/System/Library/Frameworks/Accelerate.framework/Versions/A/Frameworks/vecLib.framework/Versions/A/libLAPACK.dylib
0x00007ff81b482000 	/System/Library/Frameworks/Accelerate.framework/Versions/A/Frameworks/vecLib.framework/Versions/A/libLinearAlgebra.dylib
0x00007ff81c044000 	/System/Library/Frameworks/Accelerate.framework/Versions/A/Frameworks/vecLib.framework/Versions/A/libSparseBLAS.dylib
0x00007ff81c139000 	/System/Library/Frameworks/Accelerate.framework/Versions/A/Frameworks/vecLib.framework/Versions/A/libQuadrature.dylib
0x00007ff81a79f000 	/System/Library/Frameworks/Accelerate.framework/Versions/A/Frameworks/vecLib.framework/Versions/A/libBNNS.dylib
0x00007ff811b3a000 	/System/Library/Frameworks/Accelerate.framework/Versions/A/Frameworks/vecLib.framework/Versions/A/libSparse.dylib
0x00007ff817987000 	/System/Library/PrivateFrameworks/CoreAnalytics.framework/Versions/A/CoreAnalytics
0x00007ff81a798000 	/System/Library/PrivateFrameworks/LinguisticData.framework/Versions/A/LinguisticData
0x00007ff811af0000 	/System/Library/PrivateFrameworks/Lexicon.framework/Versions/A/Lexicon
0x00007ff81c5ef000 	/usr/lib/libChineseTokenizer.dylib
0x00007ff81225b000 	/System/Library/PrivateFrameworks/LanguageModeling.framework/Versions/A/LanguageModeling
0x00007ff81c009000 	/System/Library/PrivateFrameworks/AppleSauce.framework/Versions/A/AppleSauce
0x00007ff81b036000 	/System/Library/PrivateFrameworks/CoreEmoji.framework/Versions/A/CoreEmoji
0x00007ff81bf0a000 	/usr/lib/libcmph.dylib
0x00007ff818702000 	/System/Library/Frameworks/OpenDirectory.framework/Versions/A/Frameworks/CFOpenDirectory.framework/Versions/A/CFOpenDirectory
0x00007ff8186f6000 	/System/Library/Frameworks/OpenDirectory.framework/Versions/A/OpenDirectory
0x00007ff81c548000 	/System/Library/PrivateFrameworks/APFS.framework/Versions/A/APFS
0x00007ff81b34c000 	/System/Library/Frameworks/SecurityFoundation.framework/Versions/A/SecurityFoundation
0x00007ff81c5c3000 	/usr/lib/libutil.dylib
0x00007ff81394b000 	/System/Library/PrivateFrameworks/CoreServicesStore.framework/Versions/A/CoreServicesStore
0x00007ff818750000 	/usr/lib/libapp_launch_measurement.dylib
0x00007ff81c5c7000 	/usr/lib/libxslt.1.dylib
0x00007ff81b3d9000 	/System/Library/PrivateFrameworks/BackgroundTaskManagement.framework/Versions/A/BackgroundTaskManagement
0x00007ffa1c03c000 	/System/Library/CoreServices/Encodings/libKoreanConverter.dylib
0x0000000109116000 	/usr/local/Cellar/python@3.12/3.12.12/Frameworks/Python.framework/Versions/3.12/lib/python3.12/lib-dynload/math.cpython-312-darwin.so
0x000000010912e000 	/usr/local/Cellar/python@3.12/3.12.12/Frameworks/Python.framework/Versions/3.12/lib/python3.12/lib-dynload/_json.cpython-312-darwin.so
0x0000000109142000 	/usr/local/Cellar/python@3.12/3.12.12/Frameworks/Python.framework/Versions/3.12/lib/python3.12/lib-dynload/fcntl.cpython-312-darwin.so
0x0000000109152000 	/usr/local/Cellar/python@3.12/3.12.12/Frameworks/Python.framework/Versions/3.12/lib/python3.12/lib-dynload/_posixsubprocess.cpython-312-darwin.so
0x0000000109162000 	/usr/local/Cellar/python@3.12/3.12.12/Frameworks/Python.framework/Versions/3.12/lib/python3.12/lib-dynload/select.cpython-312-darwin.so
0x00000001092e3000 	/Users/choejiheum/SKN_AI/08_nlp/.venv/lib/python3.12/site-packages/zmq/backend/cython/_zmq.abi3.so
0x0000000109cf2000 	/Users/choejiheum/SKN_AI/08_nlp/.venv/lib/python3.12/site-packages/zmq/.dylibs/libzmq.5.dylib
0x0000000109276000 	/Users/choejiheum/SKN_AI/08_nlp/.venv/lib/python3.12/site-packages/zmq/.dylibs/libsodium.26.dylib
0x000000010931a000 	/usr/local/Cellar/python@3.12/3.12.12/Frameworks/Python.framework/Versions/3.12/lib/python3.12/lib-dynload/_opcode.cpython-312-darwin.so
0x000000010932a000 	/usr/local/Cellar/python@3.12/3.12.12/Frameworks/Python.framework/Versions/3.12/lib/python3.12/lib-dynload/_struct.cpython-312-darwin.so
0x0000000109363000 	/usr/local/Cellar/python@3.12/3.12.12/Frameworks/Python.framework/Versions/3.12/lib/python3.12/lib-dynload/_pickle.cpython-312-darwin.so
0x000000010933e000 	/usr/local/Cellar/python@3.12/3.12.12/Frameworks/Python.framework/Versions/3.12/lib/python3.12/lib-dynload/_bisect.cpython-312-darwin.so
0x000000010934e000 	/usr/local/Cellar/python@3.12/3.12.12/Frameworks/Python.framework/Versions/3.12/lib/python3.12/lib-dynload/_random.cpython-312-darwin.so
0x000000010938b000 	/usr/local/Cellar/python@3.12/3.12.12/Frameworks/Python.framework/Versions/3.12/lib/python3.12/lib-dynload/_sha2.cpython-312-darwin.so
0x00000001093a3000 	/usr/local/Cellar/python@3.12/3.12.12/Frameworks/Python.framework/Versions/3.12/lib/python3.12/lib-dynload/_heapq.cpython-312-darwin.so
0x0000000109be1000 	/usr/local/Cellar/python@3.12/3.12.12/Frameworks/Python.framework/Versions/3.12/lib/python3.12/lib-dynload/_socket.cpython-312-darwin.so
0x0000000109bc5000 	/usr/local/Cellar/python@3.12/3.12.12/Frameworks/Python.framework/Versions/3.12/lib/python3.12/lib-dynload/array.cpython-312-darwin.so
0x0000000109c2a000 	/usr/local/Cellar/python@3.12/3.12.12/Frameworks/Python.framework/Versions/3.12/lib/python3.12/lib-dynload/_ssl.cpython-312-darwin.so
0x0000000109f5d000 	/usr/local/Cellar/openssl@3/3.6.3/lib/libssl.3.dylib
0x000000010a534000 	/usr/local/Cellar/openssl@3/3.6.3/lib/libcrypto.3.dylib
0x0000000109bfd000 	/usr/local/Cellar/python@3.12/3.12.12/Frameworks/Python.framework/Versions/3.12/lib/python3.12/lib-dynload/binascii.cpython-312-darwin.so
0x0000000109c11000 	/usr/local/Cellar/python@3.12/3.12.12/Frameworks/Python.framework/Versions/3.12/lib/python3.12/lib-dynload/_contextvars.cpython-312-darwin.so
0x0000000109c5a000 	/usr/local/Cellar/python@3.12/3.12.12/Frameworks/Python.framework/Versions/3.12/lib/python3.12/lib-dynload/_asyncio.cpython-312-darwin.so
0x0000000109c76000 	/usr/local/Cellar/python@3.12/3.12.12/Frameworks/Python.framework/Versions/3.12/lib/python3.12/lib-dynload/_queue.cpython-312-darwin.so
0x0000000109c86000 	/usr/local/Cellar/python@3.12/3.12.12/Frameworks/Python.framework/Versions/3.12/lib/python3.12/lib-dynload/_hashlib.cpython-312-darwin.so
0x0000000109c9a000 	/usr/local/Cellar/python@3.12/3.12.12/Frameworks/Python.framework/Versions/3.12/lib/python3.12/lib-dynload/_blake2.cpython-312-darwin.so
0x0000000109ccb000 	/usr/local/Cellar/python@3.12/3.12.12/Frameworks/Python.framework/Versions/3.12/lib/python3.12/lib-dynload/_datetime.cpython-312-darwin.so
0x0000000109cae000 	/usr/local/Cellar/python@3.12/3.12.12/Frameworks/Python.framework/Versions/3.12/lib/python3.12/lib-dynload/zlib.cpython-312-darwin.so
0x0000000108dc8000 	/Users/choejiheum/SKN_AI/08_nlp/.venv/lib/python3.12/site-packages/tornado/speedups.abi3.so
0x0000000109ea4000 	/usr/local/Cellar/python@3.12/3.12.12/Frameworks/Python.framework/Versions/3.12/lib/python3.12/lib-dynload/_curses.cpython-312-darwin.so
0x00007ff91b0fe000 	/usr/lib/libncurses.5.4.dylib
0x0000000109ef4000 	/usr/local/Cellar/python@3.12/3.12.12/Frameworks/Python.framework/Versions/3.12/lib/python3.12/lib-dynload/_decimal.cpython-312-darwin.so
0x0000000109f20000 	/usr/local/Cellar/mpdecimal/4.0.1/lib/libmpdec.4.0.1.dylib
0x0000000109e81000 	/usr/local/Cellar/python@3.12/3.12.12/Frameworks/Python.framework/Versions/3.12/lib/python3.12/lib-dynload/termios.cpython-312-darwin.so
0x0000000109e91000 	/usr/local/Cellar/python@3.12/3.12.12/Frameworks/Python.framework/Versions/3.12/lib/python3.12/lib-dynload/_bz2.cpython-312-darwin.so
0x0000000109ec8000 	/usr/local/Cellar/python@3.12/3.12.12/Frameworks/Python.framework/Versions/3.12/lib/python3.12/lib-dynload/_lzma.cpython-312-darwin.so
0x000000010a466000 	/usr/local/Cellar/xz/5.8.3/lib/liblzma.5.dylib
0x0000000109edc000 	/usr/local/Cellar/python@3.12/3.12.12/Frameworks/Python.framework/Versions/3.12/lib/python3.12/lib-dynload/_uuid.cpython-312-darwin.so
0x000000010a439000 	/usr/local/Cellar/python@3.12/3.12.12/Frameworks/Python.framework/Versions/3.12/lib/python3.12/lib-dynload/_csv.cpython-312-darwin.so
0x000000010a4be000 	/usr/local/Cellar/python@3.12/3.12.12/Frameworks/Python.framework/Versions/3.12/lib/python3.12/lib-dynload/_sqlite3.cpython-312-darwin.so
0x000000010b26e000 	/usr/local/Cellar/sqlite/3.53.3/lib/libsqlite3.3.53.3.dylib
0x000000010b5c4000 	/usr/local/Cellar/python@3.12/3.12.12/Frameworks/Python.framework/Versions/3.12/lib/python3.12/lib-dynload/unicodedata.cpython-312-darwin.so
0x000000010a49a000 	/usr/local/Cellar/python@3.12/3.12.12/Frameworks/Python.framework/Versions/3.12/lib/python3.12/lib-dynload/pyexpat.cpython-312-darwin.so
0x00007ff81ca05000 	/usr/lib/libexpat.1.dylib
0x0000000109f4c000 	/usr/local/Cellar/python@3.12/3.12.12/Frameworks/Python.framework/Versions/3.12/lib/python3.12/lib-dynload/_scproxy.cpython-312-darwin.so
0x000000010a44d000 	/usr/local/Cellar/python@3.12/3.12.12/Frameworks/Python.framework/Versions/3.12/lib/python3.12/lib-dynload/_lsprof.cpython-312-darwin.so
0x000000010a4ae000 	/usr/local/Cellar/python@3.12/3.12.12/Frameworks/Python.framework/Versions/3.12/lib/python3.12/lib-dynload/resource.cpython-312-darwin.so
0x000000010a4e2000 	/Users/choejiheum/SKN_AI/08_nlp/.venv/lib/python3.12/site-packages/psutil/_psutil_osx.abi3.so
0x000000010b233000 	/usr/local/Cellar/python@3.12/3.12.12/Frameworks/Python.framework/Versions/3.12/lib/python3.12/lib-dynload/_ctypes.cpython-312-darwin.so
0x00007ff81f4ce000 	/usr/lib/libffi.dylib
0x0000000110d5a000 	/Users/choejiheum/SKN_AI/08_nlp/.venv/lib/python3.12/site-packages/numpy/core/_multiarray_umath.cpython-312-darwin.so
0x00000001176df000 	/Users/choejiheum/SKN_AI/08_nlp/.venv/lib/python3.12/site-packages/numpy/.dylibs/libopenblas64_.0.dylib
0x000000011194f000 	/Users/choejiheum/SKN_AI/08_nlp/.venv/lib/python3.12/site-packages/numpy/.dylibs/libgfortran.5.dylib
0x000000010c437000 	/Users/choejiheum/SKN_AI/08_nlp/.venv/lib/python3.12/site-packages/numpy/.dylibs/libquadmath.0.dylib
0x000000010a514000 	/Users/choejiheum/SKN_AI/08_nlp/.venv/lib/python3.12/site-packages/numpy/.dylibs/libgcc_s.1.1.dylib
0x000000010c3e0000 	/Users/choejiheum/SKN_AI/08_nlp/.venv/lib/python3.12/site-packages/numpy/core/_multiarray_tests.cpython-312-darwin.so
0x000000010c68e000 	/Users/choejiheum/SKN_AI/08_nlp/.venv/lib/python3.12/site-packages/numpy/linalg/_umath_linalg.cpython-312-darwin.so
0x000000010c400000 	/Users/choejiheum/SKN_AI/08_nlp/.venv/lib/python3.12/site-packages/numpy/fft/_pocketfft_internal.cpython-312-darwin.so
0x00000001108ab000 	/Users/choejiheum/SKN_AI/08_nlp/.venv/lib/python3.12/site-packages/numpy/random/mtrand.cpython-312-darwin.so
0x0000000110800000 	/Users/choejiheum/SKN_AI/08_nlp/.venv/lib/python3.12/site-packages/numpy/random/bit_generator.cpython-312-darwin.so
0x0000000110834000 	/Users/choejiheum/SKN_AI/08_nlp/.venv/lib/python3.12/site-packages/numpy/random/_common.cpython-312-darwin.so
0x00000001109ac000 	/Users/choejiheum/SKN_AI/08_nlp/.venv/lib/python3.12/site-packages/numpy/random/_bounded_integers.cpython-312-darwin.so
0x000000010c7c6000 	/Users/choejiheum/SKN_AI/08_nlp/.venv/lib/python3.12/site-packages/numpy/random/_mt19937.cpython-312-darwin.so
0x000000010b5aa000 	/Users/choejiheum/SKN_AI/08_nlp/.venv/lib/python3.12/site-packages/numpy/random/_philox.cpython-312-darwin.so
0x000000010c7e2000 	/Users/choejiheum/SKN_AI/08_nlp/.venv/lib/python3.12/site-packages/numpy/random/_pcg64.cpython-312-darwin.so
0x000000010b257000 	/Users/choejiheum/SKN_AI/08_nlp/.venv/lib/python3.12/site-packages/numpy/random/_sfc64.cpython-312-darwin.so
0x0000000110ad6000 	/Users/choejiheum/SKN_AI/08_nlp/.venv/lib/python3.12/site-packages/numpy/random/_generator.cpython-312-darwin.so
0x0000000115fc8000 	/Users/choejiheum/SKN_AI/08_nlp/.venv/lib/python3.12/site-packages/pyarrow/lib.cpython-312-darwin.so
0x00000001114ac000 	/Users/choejiheum/SKN_AI/08_nlp/.venv/lib/python3.12/site-packages/pyarrow/libarrow_python.2500.dylib
0x000000011684e000 	/Users/choejiheum/SKN_AI/08_nlp/.venv/lib/python3.12/site-packages/pyarrow/libarrow_substrait.2500.dylib
0x00000001163a6000 	/Users/choejiheum/SKN_AI/08_nlp/.venv/lib/python3.12/site-packages/pyarrow/libarrow_dataset.2500.dylib
0x000000011f90f000 	/Users/choejiheum/SKN_AI/08_nlp/.venv/lib/python3.12/site-packages/pyarrow/libparquet.2500.dylib
0x0000000116cf6000 	/Users/choejiheum/SKN_AI/08_nlp/.venv/lib/python3.12/site-packages/pyarrow/libarrow_acero.2500.dylib
0x0000000120d5f000 	/Users/choejiheum/SKN_AI/08_nlp/.venv/lib/python3.12/site-packages/pyarrow/libarrow_compute.2500.dylib
0x0000000124aaf000 	/Users/choejiheum/SKN_AI/08_nlp/.venv/lib/python3.12/site-packages/pyarrow/libarrow.2500.dylib
0x00007ff8177cf000 	/System/Library/Frameworks/Network.framework/Versions/A/Network
0x00007ff8173cc000 	/System/Library/PrivateFrameworks/ProtocolBuffer.framework/Versions/A/ProtocolBuffer
0x000000010a45d000 	/Users/choejiheum/SKN_AI/08_nlp/.venv/lib/python3.12/site-packages/pandas/_libs/pandas_parser.cpython-312-darwin.so
0x000000010a4fe000 	/Users/choejiheum/SKN_AI/08_nlp/.venv/lib/python3.12/site-packages/pandas/_libs/pandas_datetime.cpython-312-darwin.so
0x000000011674e000 	/Users/choejiheum/SKN_AI/08_nlp/.venv/lib/python3.12/site-packages/pandas/_libs/interval.cpython-312-darwin.so
0x000000011ff98000 	/Users/choejiheum/SKN_AI/08_nlp/.venv/lib/python3.12/site-packages/pandas/_libs/hashtable.cpython-312-darwin.so
0x0000000110a44000 	/Users/choejiheum/SKN_AI/08_nlp/.venv/lib/python3.12/site-packages/pandas/_libs/missing.cpython-312-darwin.so
0x0000000110a6d000 	/Users/choejiheum/SKN_AI/08_nlp/.venv/lib/python3.12/site-packages/pandas/_libs/tslibs/dtypes.cpython-312-darwin.so
0x0000000110977000 	/Users/choejiheum/SKN_AI/08_nlp/.venv/lib/python3.12/site-packages/pandas/_libs/tslibs/ccalendar.cpython-312-darwin.so
0x0000000110caa000 	/Users/choejiheum/SKN_AI/08_nlp/.venv/lib/python3.12/site-packages/pandas/_libs/_cyutility.cpython-312-darwin.so
0x0000000110a90000 	/Users/choejiheum/SKN_AI/08_nlp/.venv/lib/python3.12/site-packages/pandas/_libs/tslibs/np_datetime.cpython-312-darwin.so
0x0000000110ccf000 	/Users/choejiheum/SKN_AI/08_nlp/.venv/lib/python3.12/site-packages/pandas/_libs/tslibs/conversion.cpython-312-darwin.so
0x000000011098b000 	/Users/choejiheum/SKN_AI/08_nlp/.venv/lib/python3.12/site-packages/pandas/_libs/tslibs/base.cpython-312-darwin.so
0x000000011fdb1000 	/Users/choejiheum/SKN_AI/08_nlp/.venv/lib/python3.12/site-packages/pandas/_libs/tslibs/offsets.cpython-312-darwin.so
0x00000001118c3000 	/Users/choejiheum/SKN_AI/08_nlp/.venv/lib/python3.12/site-packages/pandas/_libs/tslibs/timestamps.cpython-312-darwin.so
0x0000000110d22000 	/Users/choejiheum/SKN_AI/08_nlp/.venv/lib/python3.12/site-packages/pandas/_libs/tslibs/nattype.cpython-312-darwin.so
0x0000000116658000 	/Users/choejiheum/SKN_AI/08_nlp/.venv/lib/python3.12/site-packages/pandas/_libs/tslibs/timedeltas.cpython-312-darwin.so
0x0000000110cf5000 	/Users/choejiheum/SKN_AI/08_nlp/.venv/lib/python3.12/site-packages/pandas/_libs/tslibs/timezones.cpython-312-darwin.so
0x0000000110ab0000 	/usr/local/Cellar/python@3.12/3.12.12/Frameworks/Python.framework/Versions/3.12/lib/python3.12/lib-dynload/_zoneinfo.cpython-312-darwin.so
0x0000000110999000 	/Users/choejiheum/SKN_AI/08_nlp/.venv/lib/python3.12/site-packages/pandas/_libs/properties.cpython-312-darwin.so
0x0000000111404000 	/Users/choejiheum/SKN_AI/08_nlp/.venv/lib/python3.12/site-packages/pandas/_libs/tslibs/fields.cpython-312-darwin.so
0x0000000111432000 	/Users/choejiheum/SKN_AI/08_nlp/.venv/lib/python3.12/site-packages/pandas/_libs/tslibs/tzconversion.cpython-312-darwin.so
0x00000001166c5000 	/Users/choejiheum/SKN_AI/08_nlp/.venv/lib/python3.12/site-packages/pandas/_libs/tslibs/parsing.cpython-312-darwin.so
0x00000001166fd000 	/Users/choejiheum/SKN_AI/08_nlp/.venv/lib/python3.12/site-packages/pandas/_libs/tslibs/strptime.cpython-312-darwin.so
0x0000000116f7b000 	/Users/choejiheum/SKN_AI/08_nlp/.venv/lib/python3.12/site-packages/pandas/_libs/tslibs/period.cpython-312-darwin.so
0x00000001113d6000 	/Users/choejiheum/SKN_AI/08_nlp/.venv/lib/python3.12/site-packages/pandas/_libs/tslibs/vectorized.cpython-312-darwin.so
0x000000010c41c000 	/Users/choejiheum/SKN_AI/08_nlp/.venv/lib/python3.12/site-packages/pandas/_libs/ops_dispatch.cpython-312-darwin.so
0x000000012042a000 	/Users/choejiheum/SKN_AI/08_nlp/.venv/lib/python3.12/site-packages/pandas/_libs/algos.cpython-312-darwin.so
0x0000000120387000 	/Users/choejiheum/SKN_AI/08_nlp/.venv/lib/python3.12/site-packages/pandas/_libs/lib.cpython-312-darwin.so
0x00000001206fc000 	/Users/choejiheum/SKN_AI/08_nlp/.venv/lib/python3.12/site-packages/pyarrow/_compute.cpython-312-darwin.so
0x0000000111476000 	/Users/choejiheum/SKN_AI/08_nlp/.venv/lib/python3.12/site-packages/pandas/_libs/ops.cpython-312-darwin.so
0x00000001113ef000 	/Users/choejiheum/SKN_AI/08_nlp/.venv/lib/python3.12/site-packages/pandas/_libs/hashing.cpython-312-darwin.so
0x000000011672c000 	/Users/choejiheum/SKN_AI/08_nlp/.venv/lib/python3.12/site-packages/pandas/_libs/arrays.cpython-312-darwin.so
0x0000000116f48000 	/Users/choejiheum/SKN_AI/08_nlp/.venv/lib/python3.12/site-packages/pandas/_libs/tslib.cpython-312-darwin.so
0x0000000120a2c000 	/Users/choejiheum/SKN_AI/08_nlp/.venv/lib/python3.12/site-packages/pandas/_libs/sparse.cpython-312-darwin.so
0x000000011fee5000 	/Users/choejiheum/SKN_AI/08_nlp/.venv/lib/python3.12/site-packages/pandas/_libs/internals.cpython-312-darwin.so
0x000000011145a000 	/Users/choejiheum/SKN_AI/08_nlp/.venv/lib/python3.12/site-packages/pandas/_libs/indexing.cpython-312-darwin.so
0x0000000121dc3000 	/Users/choejiheum/SKN_AI/08_nlp/.venv/lib/python3.12/site-packages/pandas/_libs/index.cpython-312-darwin.so
0x0000000111935000 	/Users/choejiheum/SKN_AI/08_nlp/.venv/lib/python3.12/site-packages/pandas/_libs/writers.cpython-312-darwin.so
0x0000000121f6e000 	/Users/choejiheum/SKN_AI/08_nlp/.venv/lib/python3.12/site-packages/pandas/_libs/join.cpython-312-darwin.so
0x0000000110ac4000 	/usr/local/Cellar/python@3.12/3.12.12/Frameworks/Python.framework/Versions/3.12/lib/python3.12/lib-dynload/mmap.cpython-312-darwin.so
0x0000000111493000 	/usr/local/Cellar/python@3.12/3.12.12/Frameworks/Python.framework/Versions/3.12/lib/python3.12/lib-dynload/grp.cpython-312-darwin.so
0x0000000120ceb000 	/Users/choejiheum/SKN_AI/08_nlp/.venv/lib/python3.12/site-packages/pandas/_libs/window/aggregations.cpython-312-darwin.so
0x000000011fea7000 	/Users/choejiheum/SKN_AI/08_nlp/.venv/lib/python3.12/site-packages/pandas/_libs/window/indexers.cpython-312-darwin.so
0x0000000117600000 	/Users/choejiheum/SKN_AI/08_nlp/.venv/lib/python3.12/site-packages/pandas/_libs/reshape.cpython-312-darwin.so
0x0000000122578000 	/Users/choejiheum/SKN_AI/08_nlp/.venv/lib/python3.12/site-packages/pandas/_libs/groupby.cpython-312-darwin.so
0x0000000116f36000 	/Users/choejiheum/SKN_AI/08_nlp/.venv/lib/python3.12/site-packages/pandas/_libs/json.cpython-312-darwin.so
0x0000000121d15000 	/Users/choejiheum/SKN_AI/08_nlp/.venv/lib/python3.12/site-packages/pandas/_libs/parsers.cpython-312-darwin.so
0x0000000116fe6000 	/Users/choejiheum/SKN_AI/08_nlp/.venv/lib/python3.12/site-packages/pandas/_libs/testing.cpython-312-darwin.so
0x000000011fed0000 	/usr/local/Cellar/python@3.12/3.12.12/Frameworks/Python.framework/Versions/3.12/lib/python3.12/lib-dynload/cmath.cpython-312-darwin.so
0x000000010a507000 	/Users/choejiheum/SKN_AI/08_nlp/.venv/lib/python3.12/site-packages/sklearn/__check_build/_check_build.cpython-312-darwin.so
0x000000011ff3e000 	/Users/choejiheum/SKN_AI/08_nlp/.venv/lib/python3.12/site-packages/scipy/_lib/_ccallback_c.cpython-312-darwin.so
0x0000000122d40000 	/Users/choejiheum/SKN_AI/08_nlp/.venv/lib/python3.12/site-packages/scipy/sparse/_sparsetools.cpython-312-darwin.so
0x0000000121eed000 	/Users/choejiheum/SKN_AI/08_nlp/.venv/lib/python3.12/site-packages/scipy/sparse/_csparsetools.cpython-312-darwin.so
0x00000001206d0000 	/Users/choejiheum/SKN_AI/08_nlp/.venv/lib/python3.12/site-packages/scipy/_cyutility.cpython-312-darwin.so
0x0000000116f6a000 	/usr/local/Cellar/python@3.12/3.12.12/Frameworks/Python.framework/Versions/3.12/lib/python3.12/lib-dynload/_multiprocessing.cpython-312-darwin.so
0x0000000116fd0000 	/usr/local/Cellar/python@3.12/3.12.12/Frameworks/Python.framework/Versions/3.12/lib/python3.12/lib-dynload/_posixshmem.cpython-312-darwin.so
0x00000001233da000 	/Users/choejiheum/SKN_AI/08_nlp/.venv/lib/python3.12/site-packages/scipy/special/_ufuncs.cpython-312-darwin.so
0x000000012bbe5000 	/Users/choejiheum/SKN_AI/08_nlp/.venv/lib/python3.12/site-packages/scipy/.dylibs/libscipy_openblas.dylib
0x0000000123b3b000 	/Users/choejiheum/SKN_AI/08_nlp/.venv/lib/python3.12/site-packages/scipy/.dylibs/libgfortran.5.dylib
0x0000000122c8b000 	/Users/choejiheum/SKN_AI/08_nlp/.venv/lib/python3.12/site-packages/scipy/.dylibs/libquadmath.0.dylib
0x0000000121d72000 	/Users/choejiheum/SKN_AI/08_nlp/.venv/lib/python3.12/site-packages/scipy/.dylibs/libgcc_s.1.1.dylib
0x0000000123633000 	/Users/choejiheum/SKN_AI/08_nlp/.venv/lib/python3.12/site-packages/scipy/special/_ufuncs_cxx.cpython-312-darwin.so
0x0000000121d90000 	/Users/choejiheum/SKN_AI/08_nlp/.venv/lib/python3.12/site-packages/scipy/special/_ellip_harm_2.cpython-312-darwin.so
0x00000001237a7000 	/Users/choejiheum/SKN_AI/08_nlp/.venv/lib/python3.12/site-packages/scipy/special/_special_ufuncs.cpython-312-darwin.so
0x00000001234c2000 	/Users/choejiheum/SKN_AI/08_nlp/.venv/lib/python3.12/site-packages/scipy/special/_gufuncs.cpython-312-darwin.so
0x0000000121e74000 	/Users/choejiheum/SKN_AI/08_nlp/.venv/lib/python3.12/site-packages/scipy/special/_specfun.cpython-312-darwin.so
0x000000011ff25000 	/Users/choejiheum/SKN_AI/08_nlp/.venv/lib/python3.12/site-packages/scipy/special/_comb.cpython-312-darwin.so
0x0000000123576000 	/Users/choejiheum/SKN_AI/08_nlp/.venv/lib/python3.12/site-packages/scipy/linalg/_fblas.cpython-312-darwin.so
0x00000001243c6000 	/Users/choejiheum/SKN_AI/08_nlp/.venv/lib/python3.12/site-packages/scipy/linalg/_flapack.cpython-312-darwin.so
0x000000012335c000 	/Users/choejiheum/SKN_AI/08_nlp/.venv/lib/python3.12/site-packages/scipy/linalg/_cythonized_array_utils.cpython-312-darwin.so
0x0000000123a8a000 	/Users/choejiheum/SKN_AI/08_nlp/.venv/lib/python3.12/site-packages/scipy/linalg/cython_lapack.cpython-312-darwin.so
0x0000000121ea8000 	/Users/choejiheum/SKN_AI/08_nlp/.venv/lib/python3.12/site-packages/scipy/linalg/_solve_toeplitz.cpython-312-darwin.so
0x000000011ff77000 	/Users/choejiheum/SKN_AI/08_nlp/.venv/lib/python3.12/site-packages/scipy/linalg/_decomp_lu_cython.cpython-312-darwin.so
0x0000000121ecc000 	/Users/choejiheum/SKN_AI/08_nlp/.venv/lib/python3.12/site-packages/scipy/linalg/_matfuncs_schur_sqrtm.cpython-312-darwin.so
0x0000000122d01000 	/Users/choejiheum/SKN_AI/08_nlp/.venv/lib/python3.12/site-packages/scipy/linalg/_matfuncs_expm.cpython-312-darwin.so
0x0000000123320000 	/Users/choejiheum/SKN_AI/08_nlp/.venv/lib/python3.12/site-packages/scipy/linalg/_linalg_pythran.cpython-312-darwin.so
0x0000000123a2b000 	/Users/choejiheum/SKN_AI/08_nlp/.venv/lib/python3.12/site-packages/scipy/linalg/_decomp_update.cpython-312-darwin.so
0x00000001242b4000 	/Users/choejiheum/SKN_AI/08_nlp/.venv/lib/python3.12/site-packages/scipy/linalg/cython_blas.cpython-312-darwin.so
0x000000012433a000 	/Users/choejiheum/SKN_AI/08_nlp/.venv/lib/python3.12/site-packages/scipy/sparse/linalg/_dsolve/_superlu.cpython-312-darwin.so
0x000000012475c000 	/Users/choejiheum/SKN_AI/08_nlp/.venv/lib/python3.12/site-packages/scipy/sparse/linalg/_eigen/arpack/_arpack.cpython-312-darwin.so
0x000000012360e000 	/Users/choejiheum/SKN_AI/08_nlp/.venv/lib/python3.12/site-packages/scipy/sparse/linalg/_propack/_spropack.cpython-312-darwin.so
0x00000001239e3000 	/Users/choejiheum/SKN_AI/08_nlp/.venv/lib/python3.12/site-packages/scipy/sparse/linalg/_propack/_dpropack.cpython-312-darwin.so
0x00000001246da000 	/Users/choejiheum/SKN_AI/08_nlp/.venv/lib/python3.12/site-packages/scipy/sparse/linalg/_propack/_cpropack.cpython-312-darwin.so
0x00000001247e0000 	/Users/choejiheum/SKN_AI/08_nlp/.venv/lib/python3.12/site-packages/scipy/sparse/linalg/_propack/_zpropack.cpython-312-darwin.so
0x00000001248d6000 	/Users/choejiheum/SKN_AI/08_nlp/.venv/lib/python3.12/site-packages/scipy/spatial/_ckdtree.cpython-312-darwin.so
0x0000000133d55000 	/Users/choejiheum/SKN_AI/08_nlp/.venv/lib/python3.12/site-packages/scipy/spatial/_qhull.cpython-312-darwin.so
0x0000000122ce2000 	/Users/choejiheum/SKN_AI/08_nlp/.venv/lib/python3.12/site-packages/scipy/_lib/messagestream.cpython-312-darwin.so
0x0000000122d21000 	/Users/choejiheum/SKN_AI/08_nlp/.venv/lib/python3.12/site-packages/scipy/spatial/_voronoi.cpython-312-darwin.so
0x00000001232f8000 	/Users/choejiheum/SKN_AI/08_nlp/.venv/lib/python3.12/site-packages/scipy/spatial/_hausdorff.cpython-312-darwin.so
0x000000012ba82000 	/Users/choejiheum/SKN_AI/08_nlp/.venv/lib/python3.12/site-packages/scipy/spatial/_distance_pybind.cpython-312-darwin.so
0x00000001233c0000 	/Users/choejiheum/SKN_AI/08_nlp/.venv/lib/python3.12/site-packages/scipy/spatial/_distance_wrap.cpython-312-darwin.so
0x0000000124840000 	/Users/choejiheum/SKN_AI/08_nlp/.venv/lib/python3.12/site-packages/scipy/spatial/transform/_rigid_transform.cpython-312-darwin.so
0x0000000133e25000 	/Users/choejiheum/SKN_AI/08_nlp/.venv/lib/python3.12/site-packages/scipy/spatial/transform/_rotation.cpython-312-darwin.so
0x0000000123a07000 	/Users/choejiheum/SKN_AI/08_nlp/.venv/lib/python3.12/site-packages/scipy/optimize/_group_columns.cpython-312-darwin.so
0x0000000124392000 	/Users/choejiheum/SKN_AI/08_nlp/.venv/lib/python3.12/site-packages/scipy/optimize/_trlib/_trlib.cpython-312-darwin.so
0x00000001242e4000 	/Users/choejiheum/SKN_AI/08_nlp/.venv/lib/python3.12/site-packages/scipy/optimize/_lbfgsb.cpython-312-darwin.so
0x000000012471e000 	/Users/choejiheum/SKN_AI/08_nlp/.venv/lib/python3.12/site-packages/scipy/optimize/_moduleTNC.cpython-312-darwin.so
0x00000001242fc000 	/Users/choejiheum/SKN_AI/08_nlp/.venv/lib/python3.12/site-packages/scipy/optimize/_slsqplib.cpython-312-darwin.so
0x0000000124898000 	/Users/choejiheum/SKN_AI/08_nlp/.venv/lib/python3.12/site-packages/scipy/optimize/_minpack.cpython-312-darwin.so
0x0000000120d48000 	/Users/choejiheum/SKN_AI/08_nlp/.venv/lib/python3.12/site-packages/scipy/optimize/_lsq/givens_elimination.cpython-312-darwin.so
0x000000010c429000 	/Users/choejiheum/SKN_AI/08_nlp/.venv/lib/python3.12/site-packages/scipy/optimize/_zeros.cpython-312-darwin.so
0x0000000134541000 	/Users/choejiheum/SKN_AI/08_nlp/.venv/lib/python3.12/site-packages/scipy/optimize/_highspy/_core.cpython-312-darwin.so
0x000000012bb7c000 	/Users/choejiheum/SKN_AI/08_nlp/.venv/lib/python3.12/site-packages/scipy/optimize/_highspy/_highs_options.cpython-312-darwin.so
0x0000000134176000 	/Users/choejiheum/SKN_AI/08_nlp/.venv/lib/python3.12/site-packages/scipy/linalg/_decomp_interpolative.cpython-312-darwin.so
0x0000000124a72000 	/Users/choejiheum/SKN_AI/08_nlp/.venv/lib/python3.12/site-packages/scipy/_lib/_uarray/_uarray.cpython-312-darwin.so
0x000000013435a000 	/Users/choejiheum/SKN_AI/08_nlp/.venv/lib/python3.12/site-packages/scipy/fft/_pocketfft/pypocketfft.cpython-312-darwin.so
0x000000012bb4a000 	/Users/choejiheum/SKN_AI/08_nlp/.venv/lib/python3.12/site-packages/scipy/optimize/_bglu_dense.cpython-312-darwin.so
0x000000011ff5a000 	/Users/choejiheum/SKN_AI/08_nlp/.venv/lib/python3.12/site-packages/scipy/optimize/_lsap.cpython-312-darwin.so
0x00000001340ff000 	/Users/choejiheum/SKN_AI/08_nlp/.venv/lib/python3.12/site-packages/scipy/optimize/_pava_pybind.cpython-312-darwin.so
0x0000000123348000 	/Users/choejiheum/SKN_AI/08_nlp/.venv/lib/python3.12/site-packages/scipy/optimize/_direct.cpython-312-darwin.so
0x00000001248b8000 	/Users/choejiheum/SKN_AI/08_nlp/.venv/lib/python3.12/site-packages/scipy/integrate/_odepack.cpython-312-darwin.so
0x000000012bb1a000 	/Users/choejiheum/SKN_AI/08_nlp/.venv/lib/python3.12/site-packages/scipy/integrate/_quadpack.cpython-312-darwin.so
0x0000000134133000 	/Users/choejiheum/SKN_AI/08_nlp/.venv/lib/python3.12/site-packages/scipy/integrate/_vode.cpython-312-darwin.so
0x00000001340cd000 	/Users/choejiheum/SKN_AI/08_nlp/.venv/lib/python3.12/site-packages/scipy/integrate/_dop.cpython-312-darwin.so
0x0000000134322000 	/Users/choejiheum/SKN_AI/08_nlp/.venv/lib/python3.12/site-packages/scipy/integrate/_lsoda.cpython-312-darwin.so
0x0000000134492000 	/Users/choejiheum/SKN_AI/08_nlp/.venv/lib/python3.12/site-packages/scipy/interpolate/_fitpack.cpython-312-darwin.so
0x0000000134bc1000 	/Users/choejiheum/SKN_AI/08_nlp/.venv/lib/python3.12/site-packages/scipy/interpolate/_dfitpack.cpython-312-darwin.so
0x0000000124314000 	/Users/choejiheum/SKN_AI/08_nlp/.venv/lib/python3.12/site-packages/scipy/interpolate/_dierckx.cpython-312-darwin.so
0x00000001344f9000 	/Users/choejiheum/SKN_AI/08_nlp/.venv/lib/python3.12/site-packages/scipy/interpolate/_ppoly.cpython-312-darwin.so
0x0000000134c1d000 	/Users/choejiheum/SKN_AI/08_nlp/.venv/lib/python3.12/site-packages/scipy/interpolate/_interpnd.cpython-312-darwin.so
0x0000000134cb8000 	/Users/choejiheum/SKN_AI/08_nlp/.venv/lib/python3.12/site-packages/scipy/interpolate/_rbfinterp_pythran.cpython-312-darwin.so
0x00000001344d4000 	/Users/choejiheum/SKN_AI/08_nlp/.venv/lib/python3.12/site-packages/scipy/interpolate/_rgi_cython.cpython-312-darwin.so
0x0000000134d86000 	/Users/choejiheum/SKN_AI/08_nlp/.venv/lib/python3.12/site-packages/scipy/stats/_stats.cpython-312-darwin.so
0x0000000135098000 	/Users/choejiheum/SKN_AI/08_nlp/.venv/lib/python3.12/site-packages/scipy/special/cython_special.cpython-312-darwin.so
0x0000000134c89000 	/Users/choejiheum/SKN_AI/08_nlp/.venv/lib/python3.12/site-packages/scipy/stats/_biasedurn.cpython-312-darwin.so
0x0000000134d43000 	/Users/choejiheum/SKN_AI/08_nlp/.venv/lib/python3.12/site-packages/scipy/stats/_stats_pythran.cpython-312-darwin.so
0x0000000122568000 	/Users/choejiheum/SKN_AI/08_nlp/.venv/lib/python3.12/site-packages/scipy/stats/_levy_stable/levyst.cpython-312-darwin.so
0x00000001344b2000 	/Users/choejiheum/SKN_AI/08_nlp/.venv/lib/python3.12/site-packages/scipy/stats/_ansari_swilk_statistics.cpython-312-darwin.so
0x0000000135438000 	/Users/choejiheum/SKN_AI/08_nlp/.venv/lib/python3.12/site-packages/scipy/sparse/csgraph/_shortest_path.cpython-312-darwin.so
0x0000000134ffe000 	/Users/choejiheum/SKN_AI/08_nlp/.venv/lib/python3.12/site-packages/scipy/sparse/csgraph/_tools.cpython-312-darwin.so
0x000000013549c000 	/Users/choejiheum/SKN_AI/08_nlp/.venv/lib/python3.12/site-packages/scipy/sparse/csgraph/_traversal.cpython-312-darwin.so
0x0000000134c61000 	/Users/choejiheum/SKN_AI/08_nlp/.venv/lib/python3.12/site-packages/scipy/sparse/csgraph/_min_spanning_tree.cpython-312-darwin.so
0x000000013502a000 	/Users/choejiheum/SKN_AI/08_nlp/.venv/lib/python3.12/site-packages/scipy/sparse/csgraph/_flow.cpython-312-darwin.so
0x000000013505a000 	/Users/choejiheum/SKN_AI/08_nlp/.venv/lib/python3.12/site-packages/scipy/sparse/csgraph/_matching.cpython-312-darwin.so
0x0000000135500000 	/Users/choejiheum/SKN_AI/08_nlp/.venv/lib/python3.12/site-packages/scipy/sparse/csgraph/_reordering.cpython-312-darwin.so
0x000000013555f000 	/Users/choejiheum/SKN_AI/08_nlp/.venv/lib/python3.12/site-packages/scipy/stats/_sobol.cpython-312-darwin.so
0x0000000135528000 	/Users/choejiheum/SKN_AI/08_nlp/.venv/lib/python3.12/site-packages/scipy/stats/_qmc_cy.cpython-312-darwin.so
0x0000000134342000 	/Users/choejiheum/SKN_AI/08_nlp/.venv/lib/python3.12/site-packages/scipy/stats/_rcont/rcont.cpython-312-darwin.so
0x0000000135697000 	/Users/choejiheum/SKN_AI/08_nlp/.venv/lib/python3.12/site-packages/scipy/stats/_qmvnt_cy.cpython-312-darwin.so
0x00000001357bb000 	/Users/choejiheum/SKN_AI/08_nlp/.venv/lib/python3.12/site-packages/scipy/ndimage/_nd_image.cpython-312-darwin.so
0x0000000111469000 	/Users/choejiheum/SKN_AI/08_nlp/.venv/lib/python3.12/site-packages/scipy/ndimage/_rank_filter_1d.cpython-312-darwin.so
0x0000000135823000 	/Users/choejiheum/SKN_AI/08_nlp/.venv/lib/python3.12/site-packages/scipy/ndimage/_ni_label.cpython-312-darwin.so
0x0000000123a73000 	/Users/choejiheum/SKN_AI/08_nlp/.venv/lib/python3.12/site-packages/sklearn/utils/_isfinite.cpython-312-darwin.so
0x00000001357e7000 	/Users/choejiheum/SKN_AI/08_nlp/.venv/lib/python3.12/site-packages/sklearn/_cyutility.cpython-312-darwin.so
0x00000001358f0000 	/Users/choejiheum/SKN_AI/08_nlp/.venv/lib/python3.12/site-packages/sklearn/utils/sparsefuncs_fast.cpython-312-darwin.so
0x0000000124a92000 	/Users/choejiheum/SKN_AI/08_nlp/.venv/lib/python3.12/site-packages/sklearn/utils/murmurhash.cpython-312-darwin.so
0x0000000124746000 	/Users/choejiheum/SKN_AI/08_nlp/.venv/lib/python3.12/site-packages/sklearn/utils/_openmp_helpers.cpython-312-darwin.so
0x0000000135b2b000 	/Users/choejiheum/SKN_AI/08_nlp/.venv/lib/python3.12/site-packages/sklearn/.dylibs/libomp.dylib
0x0000000134163000 	/Users/choejiheum/SKN_AI/08_nlp/.venv/lib/python3.12/site-packages/sklearn/metrics/cluster/_expected_mutual_info_fast.cpython-312-darwin.so
0x0000000135a82000 	/Users/choejiheum/SKN_AI/08_nlp/.venv/lib/python3.12/site-packages/sklearn/metrics/_dist_metrics.cpython-312-darwin.so
0x000000013585f000 	/Users/choejiheum/SKN_AI/08_nlp/.venv/lib/python3.12/site-packages/sklearn/metrics/_pairwise_distances_reduction/_argkmin.cpython-312-darwin.so
0x0000000135894000 	/Users/choejiheum/SKN_AI/08_nlp/.venv/lib/python3.12/site-packages/sklearn/metrics/_pairwise_distances_reduction/_base.cpython-312-darwin.so
0x0000000135c26000 	/Users/choejiheum/SKN_AI/08_nlp/.venv/lib/python3.12/site-packages/sklearn/metrics/_pairwise_distances_reduction/_datasets_pair.cpython-312-darwin.so
0x0000000135bda000 	/Users/choejiheum/SKN_AI/08_nlp/.venv/lib/python3.12/site-packages/sklearn/utils/_cython_blas.cpython-312-darwin.so
0x0000000135cbf000 	/Users/choejiheum/SKN_AI/08_nlp/.venv/lib/python3.12/site-packages/sklearn/metrics/_pairwise_distances_reduction/_middle_term_computer.cpython-312-darwin.so
0x0000000109ceb000 	/Users/choejiheum/SKN_AI/08_nlp/.venv/lib/python3.12/site-packages/sklearn/utils/_heap.cpython-312-darwin.so
0x0000000134d10000 	/Users/choejiheum/SKN_AI/08_nlp/.venv/lib/python3.12/site-packages/sklearn/utils/_sorting.cpython-312-darwin.so
0x0000000135afd000 	/Users/choejiheum/SKN_AI/08_nlp/.venv/lib/python3.12/site-packages/sklearn/metrics/_pairwise_distances_reduction/_argkmin_classmode.cpython-312-darwin.so
0x0000000135d0b000 	/Users/choejiheum/SKN_AI/08_nlp/.venv/lib/python3.12/site-packages/sklearn/metrics/_pairwise_distances_reduction/_radius_neighbors.cpython-312-darwin.so
0x00000001358c4000 	/Users/choejiheum/SKN_AI/08_nlp/.venv/lib/python3.12/site-packages/sklearn/utils/_vector_sentinel.cpython-312-darwin.so
0x0000000135d44000 	/Users/choejiheum/SKN_AI/08_nlp/.venv/lib/python3.12/site-packages/sklearn/metrics/_pairwise_distances_reduction/_radius_neighbors_classmode.cpython-312-darwin.so
0x0000000135c73000 	/Users/choejiheum/SKN_AI/08_nlp/.venv/lib/python3.12/site-packages/sklearn/metrics/_pairwise_fast.cpython-312-darwin.so
0x0000000135fac000 	/Users/choejiheum/SKN_AI/08_nlp/.venv/lib/python3.12/site-packages/sklearn/preprocessing/_csr_polynomial_expansion.cpython-312-darwin.so
0x000000013603c000 	/Users/choejiheum/SKN_AI/08_nlp/.venv/lib/python3.12/site-packages/sklearn/preprocessing/_target_encoder_fast.cpython-312-darwin.so
0x0000000135f6c000 	/Users/choejiheum/SKN_AI/08_nlp/.venv/lib/python3.12/site-packages/sklearn/utils/_random.cpython-312-darwin.so
0x000000013879b000 	/Users/choejiheum/SKN_AI/08_nlp/.venv/lib/python3.12/site-packages/_jpype.so
0x0000000134d23000 	/usr/local/Cellar/openjdk/13.0.2+8_2/libexec/openjdk.jdk/Contents/Home/lib/libjli.dylib
0x00007ff827e6c000 	/System/Library/Frameworks/Cocoa.framework/Versions/A/Cocoa
0x00007ff813a9f000 	/System/Library/Frameworks/AppKit.framework/Versions/C/AppKit
0x00007ff816fb5000 	/System/Library/Frameworks/CoreData.framework/Versions/A/CoreData
0x00007ff81492f000 	/System/Library/PrivateFrameworks/UIFoundation.framework/Versions/A/UIFoundation
0x00007ff821d52000 	/System/Library/PrivateFrameworks/RemoteViewServices.framework/Versions/A/RemoteViewServices
0x00007ff81a02b000 	/System/Library/PrivateFrameworks/XCTTargetBootstrap.framework/Versions/A/XCTTargetBootstrap
0x00007ff81dbe8000 	/System/Library/PrivateFrameworks/InternationalSupport.framework/Versions/A/InternationalSupport
0x00007ff81dc72000 	/System/Library/PrivateFrameworks/UserActivity.framework/Versions/A/UserActivity
0x00007ff81cfc0000 	/usr/lib/libspindump.dylib
0x00007ff814bbe000 	/System/Library/Frameworks/UniformTypeIdentifiers.framework/Versions/A/UniformTypeIdentifiers
0x00007ff819983000 	/System/Library/Frameworks/Metal.framework/Versions/A/Metal
0x00007ff81a030000 	/System/Library/PrivateFrameworks/CoreSVG.framework/Versions/A/CoreSVG
0x00007ff815fa9000 	/System/Library/PrivateFrameworks/SkyLight.framework/Versions/A/SkyLight
0x00007ff816348000 	/System/Library/Frameworks/CoreGraphics.framework/Versions/A/CoreGraphics
0x00007ff81ca3f000 	/System/Library/PrivateFrameworks/IconServices.framework/Versions/A/IconServices
0x00007ff825b10000 	/System/Library/Frameworks/ApplicationServices.framework/Versions/A/ApplicationServices
0x00007ff81a017000 	/System/Library/PrivateFrameworks/DFRFoundation.framework/Versions/A/DFRFoundation
0x00007ff81e9de000 	/System/Library/Frameworks/AudioToolbox.framework/Versions/A/AudioToolbox
0x00007ff81dbf4000 	/System/Library/PrivateFrameworks/DataDetectorsCore.framework/Versions/A/DataDetectorsCore
0x00007ff91a0f8000 	/System/Library/PrivateFrameworks/TextInput.framework/Versions/A/TextInput
0x00007ff819d23000 	/System/Library/Frameworks/Carbon.framework/Versions/A/Frameworks/HIToolbox.framework/Versions/A/HIToolbox
0x00007ff818152000 	/System/Library/Frameworks/QuartzCore.framework/Versions/A/QuartzCore
0x00007ff821d8a000 	/System/Library/Frameworks/Carbon.framework/Versions/A/Frameworks/SpeechRecognition.framework/Versions/A/SpeechRecognition
0x00007ff8184b0000 	/System/Library/PrivateFrameworks/CoreUI.framework/Versions/A/CoreUI
0x00007ff8128f2000 	/System/Library/Frameworks/CoreAudio.framework/Versions/A/CoreAudio
0x00007ff81d3b1000 	/System/Library/PrivateFrameworks/MultitouchSupport.framework/Versions/A/MultitouchSupport
0x00007ff8186ea000 	/System/Library/PrivateFrameworks/PerformanceAnalysis.framework/Versions/A/PerformanceAnalysis
0x00007ffa29dc6000 	/System/Library/Frameworks/OpenGL.framework/Versions/A/OpenGL
0x00007ff81b314000 	/System/Library/PrivateFrameworks/MobileKeyBag.framework/Versions/A/MobileKeyBag
0x00007ff816a14000 	/System/Library/Frameworks/ColorSync.framework/Versions/A/ColorSync
0x00007ff81a2a8000 	/System/Library/Frameworks/CoreImage.framework/Versions/A/CoreImage
0x00007ff812706000 	/System/Library/Frameworks/CoreText.framework/Versions/A/CoreText
0x00007ff81a060000 	/System/Library/Frameworks/ImageIO.framework/Versions/A/ImageIO
0x00007ff81db1b000 	/System/Library/PrivateFrameworks/TextureIO.framework/Versions/A/TextureIO
0x00007ff81c750000 	/usr/lib/libate.dylib
0x00007ff81da3b000 	/System/Library/Frameworks/ImageIO.framework/Versions/A/Resources/libRadiance.dylib
0x00007ff81da44000 	/System/Library/Frameworks/ImageIO.framework/Versions/A/Resources/libJPEG.dylib
0x00007ff81d990000 	/System/Library/Frameworks/ImageIO.framework/Versions/A/Resources/libPng.dylib
0x00007ff81d9b1000 	/System/Library/Frameworks/ImageIO.framework/Versions/A/Resources/libTIFF.dylib
0x00007ff81daa4000 	/System/Library/Frameworks/ImageIO.framework/Versions/A/Resources/libGIF.dylib
0x00007ff81d2ca000 	/System/Library/Frameworks/ImageIO.framework/Versions/A/Resources/libJP2.dylib
0x00007ff81d27f000 	/System/Library/PrivateFrameworks/AppleJPEG.framework/Versions/A/AppleJPEG
0x00007ff819be8000 	/System/Library/PrivateFrameworks/FontServices.framework/libFontParser.dylib
0x00007ff8176fb000 	/System/Library/PrivateFrameworks/RunningBoardServices.framework/Versions/A/RunningBoardServices
0x00007ff828427000 	/System/Library/PrivateFrameworks/IOSurfaceAccelerator.framework/Versions/A/IOSurfaceAccelerator
0x00007ff81d3ad000 	/System/Library/PrivateFrameworks/WatchdogClient.framework/Versions/A/WatchdogClient
0x00007ff812349000 	/System/Library/Frameworks/CoreDisplay.framework/Versions/A/CoreDisplay
0x00007ff819ae6000 	/System/Library/Frameworks/CoreMedia.framework/Versions/A/CoreMedia
0x00007ff81997a000 	/System/Library/PrivateFrameworks/IOAccelerator.framework/Versions/A/IOAccelerator
0x00007ff81887f000 	/System/Library/Frameworks/CoreVideo.framework/Versions/A/CoreVideo
0x00007ff81c05a000 	/System/Library/Frameworks/MetalPerformanceShaders.framework/Versions/A/MetalPerformanceShaders
0x00007ff81d3ea000 	/System/Library/Frameworks/VideoToolbox.framework/Versions/A/VideoToolbox
0x00007ff817645000 	/System/Library/PrivateFrameworks/BaseBoard.framework/Versions/A/BaseBoard
0x00007ff81da34000 	/System/Library/PrivateFrameworks/GPUWrangler.framework/Versions/A/GPUWrangler
0x00007ff81da18000 	/System/Library/PrivateFrameworks/IOPresentment.framework/Versions/A/IOPresentment
0x00007ff81da3e000 	/System/Library/PrivateFrameworks/DSExternalDisplay.framework/Versions/A/DSExternalDisplay
0x00007ffa29dba000 	/System/Library/Frameworks/OpenGL.framework/Versions/A/Libraries/libCoreFSCache.dylib
0x00007ffb16e8f000 	/System/Library/PrivateFrameworks/GPUCompiler.framework/Versions/31001/Libraries/libGPUCompilerUtils.dylib
0x00007ff81daa9000 	/System/Library/PrivateFrameworks/CMCaptureCore.framework/Versions/A/CMCaptureCore
0x00007ff81cfae000 	/System/Library/PrivateFrameworks/AppServerSupport.framework/Versions/A/AppServerSupport
0x00007ff81f277000 	/System/Library/PrivateFrameworks/perfdata.framework/Versions/A/perfdata
0x00007ff812475000 	/System/Library/PrivateFrameworks/AudioToolboxCore.framework/Versions/A/AudioToolboxCore
0x00007ff819ac4000 	/System/Library/PrivateFrameworks/caulk.framework/Versions/A/caulk
0x00007ff81eb89000 	/usr/lib/libAudioStatistics.dylib
0x00007ff91687d000 	/System/Library/PrivateFrameworks/SystemPolicy.framework/Versions/A/SystemPolicy
0x00007ff81ede4000 	/usr/lib/libSMC.dylib
0x00007ff827d1f000 	/System/Library/Frameworks/CoreMIDI.framework/Versions/A/CoreMIDI
0x00007ff81d95f000 	/usr/lib/libAudioToolboxUtility.dylib
0x00007ff912a9d000 	/System/Library/PrivateFrameworks/OSAServicesClient.framework/Versions/A/OSAServicesClient
0x00007ff81f284000 	/usr/lib/libperfcheck.dylib
0x00007ff91732e000 	/usr/lib/libmis.dylib
0x00007ffa29e15000 	/System/Library/Frameworks/OpenGL.framework/Versions/A/Libraries/libGLU.dylib
0x00007ffa29dd9000 	/System/Library/Frameworks/OpenGL.framework/Versions/A/Libraries/libGFXShared.dylib
0x00007ffa29fe2000 	/System/Library/Frameworks/OpenGL.framework/Versions/A/Libraries/libGL.dylib
0x00007ffa29de2000 	/System/Library/Frameworks/OpenGL.framework/Versions/A/Libraries/libGLImage.dylib
0x00007ffa29dd6000 	/System/Library/Frameworks/OpenGL.framework/Versions/A/Libraries/libCVMSPluginSupport.dylib
0x00007ffa29dc1000 	/System/Library/Frameworks/OpenGL.framework/Versions/A/Libraries/libCoreVMClient.dylib
0x00007ff81a630000 	/System/Library/Frameworks/MetalPerformanceShaders.framework/Versions/A/Frameworks/MPSCore.framework/Versions/A/MPSCore
0x00007ff81b9f2000 	/System/Library/Frameworks/MetalPerformanceShaders.framework/Versions/A/Frameworks/MPSImage.framework/Versions/A/MPSImage
0x00007ff81b498000 	/System/Library/Frameworks/MetalPerformanceShaders.framework/Versions/A/Frameworks/MPSNeuralNetwork.framework/Versions/A/MPSNeuralNetwork
0x00007ff81b90c000 	/System/Library/Frameworks/MetalPerformanceShaders.framework/Versions/A/Frameworks/MPSMatrix.framework/Versions/A/MPSMatrix
0x00007ff81b6c7000 	/System/Library/Frameworks/MetalPerformanceShaders.framework/Versions/A/Frameworks/MPSRayIntersector.framework/Versions/A/MPSRayIntersector
0x00007ff81b944000 	/System/Library/Frameworks/MetalPerformanceShaders.framework/Versions/A/Frameworks/MPSNDArray.framework/Versions/A/MPSNDArray
0x00007ffa2f89a000 	/System/Library/Frameworks/MetalPerformanceShaders.framework/Versions/A/Frameworks/MPSFunctions.framework/Versions/A/MPSFunctions
0x00007ff81177c000 	/System/Library/PrivateFrameworks/MetalTools.framework/Versions/A/MetalTools
0x00007ff81a6ac000 	/System/Library/PrivateFrameworks/AggregateDictionary.framework/Versions/A/AggregateDictionary
0x00007ff81c7e7000 	/usr/lib/libIOReport.dylib
0x00007ffa2b3f1000 	/System/Library/Frameworks/OpenCL.framework/Versions/A/OpenCL
0x00007ff81cb4c000 	/System/Library/PrivateFrameworks/FaceCore.framework/Versions/A/FaceCore
0x00007ff81cb3d000 	/System/Library/PrivateFrameworks/GraphVisualizer.framework/Versions/A/GraphVisualizer
0x00007ffb16d9a000 	/System/Library/PrivateFrameworks/FontServices.framework/Versions/A/FontServices
0x00007ff81cf66000 	/System/Library/PrivateFrameworks/OTSVG.framework/Versions/A/OTSVG
0x00007ff818465000 	/System/Library/Frameworks/ApplicationServices.framework/Versions/A/Frameworks/ATS.framework/Versions/A/Resources/libFontRegistry.dylib
0x00007ff81cfb6000 	/System/Library/PrivateFrameworks/FontServices.framework/libhvf.dylib
0x00007ffb16d9b000 	/System/Library/PrivateFrameworks/FontServices.framework/libXTFontStaticRegistryData.dylib
0x00007ff81c9b5000 	/System/Library/PrivateFrameworks/AppleVA.framework/Versions/A/AppleVA
0x00007ff81eba9000 	/System/Library/Frameworks/ApplicationServices.framework/Versions/A/Frameworks/ATS.framework/Versions/A/ATS
0x00007ff816b12000 	/System/Library/Frameworks/ApplicationServices.framework/Versions/A/Frameworks/HIServices.framework/Versions/A/HIServices
0x00007ff81dab3000 	/System/Library/Frameworks/ApplicationServices.framework/Versions/A/Frameworks/PrintCore.framework/Versions/A/PrintCore
0x00007ff81ef37000 	/System/Library/Frameworks/ApplicationServices.framework/Versions/A/Frameworks/QD.framework/Versions/A/QD
0x00007ff81ef2f000 	/System/Library/Frameworks/ApplicationServices.framework/Versions/A/Frameworks/ColorSyncLegacy.framework/Versions/A/ColorSyncLegacy
0x00007ff81eb99000 	/System/Library/Frameworks/ApplicationServices.framework/Versions/A/Frameworks/SpeechSynthesis.framework/Versions/A/SpeechSynthesis
0x00007ff81da74000 	/System/Library/Frameworks/ApplicationServices.framework/Versions/A/Frameworks/ATSUI.framework/Versions/A/ATSUI
0x00007ff81eec4000 	/usr/lib/libcups.2.dylib
0x00007ff81f293000 	/System/Library/Frameworks/Kerberos.framework/Versions/A/Kerberos
0x00007ff81f2a2000 	/System/Library/Frameworks/GSS.framework/Versions/A/GSS
0x00007ff81ec15000 	/usr/lib/libresolv.9.dylib
0x00007ff81cfc5000 	/System/Library/PrivateFrameworks/Heimdal.framework/Versions/A/Heimdal
0x00007ff825ea2000 	/System/Library/Frameworks/Kerberos.framework/Versions/A/Libraries/libHeimdalProxy.dylib
0x00007ff81ca20000 	/usr/lib/libheimdal-asn1.dylib
0x00007ff81f2ed000 	/System/Library/PrivateFrameworks/CommonAuth.framework/Versions/A/CommonAuth
0x00007ff81eb1b000 	/System/Library/PrivateFrameworks/AudioSession.framework/Versions/A/AudioSession
0x00007ff81cab0000 	/System/Library/PrivateFrameworks/MediaExperience.framework/Versions/A/MediaExperience
0x00007ff81e9ad000 	/System/Library/PrivateFrameworks/AudioSession.framework/libSessionUtility.dylib
0x00007ff81ef43000 	/System/Library/PrivateFrameworks/AudioResourceArbitration.framework/Versions/A/AudioResourceArbitration
0x00007ff822fc6000 	/System/Library/PrivateFrameworks/PowerLog.framework/Versions/A/PowerLog
0x00007ff81ca29000 	/System/Library/PrivateFrameworks/IconFoundation.framework/Versions/A/IconFoundation
0x00007ff821d7a000 	/System/Library/PrivateFrameworks/SpeechRecognitionCore.framework/Versions/A/SpeechRecognitionCore
0x000000013ba91000 	/usr/local/Cellar/openjdk/13.0.2+8_2/libexec/openjdk.jdk/Contents/Home/lib/server/libjvm.dylib
0x000000011ff6a000 	/usr/local/Cellar/openjdk/13.0.2+8_2/libexec/openjdk.jdk/Contents/Home/lib/libverify.dylib
0x0000000135fec000 	/usr/local/Cellar/openjdk/13.0.2+8_2/libexec/openjdk.jdk/Contents/Home/lib/libjava.dylib
0x0000000110d50000 	/usr/local/Cellar/openjdk/13.0.2+8_2/libexec/openjdk.jdk/Contents/Home/lib/libzip.dylib
0x00000001108a0000 	/usr/local/Cellar/openjdk/13.0.2+8_2/libexec/openjdk.jdk/Contents/Home/lib/libjimage.dylib
0x000000012bb3a000 	/usr/local/Cellar/openjdk/13.0.2+8_2/libexec/openjdk.jdk/Contents/Home/lib/libnio.dylib
0x000000013580d000 	/usr/local/Cellar/openjdk/13.0.2+8_2/libexec/openjdk.jdk/Contents/Home/lib/libnet.dylib


VM Arguments:
jvm_args: -Dfile.encoding=UTF8 -ea -Xmx1024m 
java_command: <unknown>
java_class_path (initial): /Users/choejiheum/SKN_AI/08_nlp/.venv/lib/python3.12/site-packages/konlpy/java:/Users/choejiheum/SKN_AI/08_nlp/.venv/lib/python3.12/site-packages/konlpy/java/bin:/Users/choejiheum/SKN_AI/08_nlp/.venv/lib/python3.12/site-packages/konlpy/java/scala-library-2.12.3.jar:/Users/choejiheum/SKN_AI/08_nlp/.venv/lib/python3.12/site-packages/konlpy/java/twitter-text-1.14.7.jar:/Users/choejiheum/SKN_AI/08_nlp/.venv/lib/python3.12/site-packages/konlpy/java/komoran-3.0.jar:/Users/choejiheum/SKN_AI/08_nlp/.venv/lib/python3.12/site-packages/konlpy/java/jhannanum-0.8.4.jar:/Users/choejiheum/SKN_AI/08_nlp/.venv/lib/python3.12/site-packages/konlpy/java/open-korean-text-2.1.0.jar:/Users/choejiheum/SKN_AI/08_nlp/.venv/lib/python3.12/site-packages/konlpy/java/aho-corasick.jar:/Users/choejiheum/SKN_AI/08_nlp/.venv/lib/python3.12/site-packages/konlpy/java/kkma-2.0.jar:/Users/choejiheum/SKN_AI/08_nlp/.venv/lib/python3.12/site-packages/konlpy/java/shineware-common-1.0.jar:/Users/choejiheum/SKN_AI/08_nlp/.venv/lib/python3.12/site-packages/konlpy/java/snakeyaml-1.12.jar:/Users/choejiheum/SKN_AI/08_nlp/.venv/lib/python3.12/site-packages/konlpy/java/shineware-ds-1.0.jar:/Users/choejiheum/SKN_AI/08_nlp/.venv/lib/python3.12/site-packages/konlpy/java/jhannanum-0.8.4.jar:/Users/choejiheum/SKN_AI/08_nlp/.venv/lib/python3.12/site-packages/konlpy/java/kkma-2.0.jar:/Users/choejiheum/SKN_AI/08_nlp/.venv/lib/python3.12/site-packages/konlpy/java/aho-corasick.jar:/Users/choejiheum/SKN_AI/08_nlp/.venv/lib/python3.12/site-packages/konlpy/java/shineware-common-1.0.jar:/Users/choejiheum/SKN_AI/08_nlp/.venv/lib/python3.12/site-packages/konlpy/java/shineware-ds-1.0.jar:/Users/choejiheum/SKN_AI/08_nlp/.venv/lib/python3.12/site-packages/konlpy/java/komoran-3.0.jar:/Users/choejiheum/SKN_AI/08_nlp/.venv/lib/python3.12/site-packages/konlpy/java/snakeyaml-1.12.jar:/Users/choejiheum/SKN_AI/08_nlp/.venv/lib/python3.12/site-packages/konlpy/java/scala-library-2.12.3.jar:/Users/choejiheum/SKN_AI
Launcher Type: generic

[Global flags]
     intx CICompilerCount                          = 4                                         {product} {ergonomic}
     uint ConcGCThreads                            = 2                                         {product} {ergonomic}
     uint G1ConcRefinementThreads                  = 8                                         {product} {ergonomic}
   size_t G1HeapRegionSize                         = 1048576                                   {product} {ergonomic}
    uintx GCDrainStackTargetSize                   = 64                                        {product} {ergonomic}
   size_t InitialHeapSize                          = 268435456                                 {product} {ergonomic}
   size_t MarkStackSize                            = 4194304                                   {product} {ergonomic}
   size_t MaxHeapSize                              = 1073741824                                {product} {command line}
   size_t MaxNewSize                               = 643825664                                 {product} {ergonomic}
   size_t MinHeapDeltaBytes                        = 1048576                                   {product} {ergonomic}
   size_t MinHeapSize                              = 8388608                                   {product} {ergonomic}
    uintx NonNMethodCodeHeapSize                   = 5839372                                {pd product} {ergonomic}
    uintx NonProfiledCodeHeapSize                  = 122909434                              {pd product} {ergonomic}
    uintx ProfiledCodeHeapSize                     = 122909434                              {pd product} {ergonomic}
    uintx ReservedCodeCacheSize                    = 251658240                              {pd product} {ergonomic}
     bool SegmentedCodeCache                       = true                                      {product} {ergonomic}
   size_t SoftMaxHeapSize                          = 1073741824                             {manageable} {ergonomic}
     bool UseCompressedClassPointers               = true                                 {lp64_product} {ergonomic}
     bool UseCompressedOops                        = true                                 {lp64_product} {ergonomic}
     bool UseG1GC                                  = true                                      {product} {ergonomic}

Logging:
Log output configuration:
 #0: stdout all=warning uptime,level,tags
 #1: stderr all=off uptime,level,tags

Environment Variables:
PATH=/Users/choejiheum/SKN_AI/08_nlp/.venv/bin:/Users/choejiheum/.npm-global/bin:/usr/local/opt/mysql@8.0/bin:/Users/choejiheum/.local/bin:/usr/local/bin:/Users/choejiheum/miniforge3/condabin:/Library/Frameworks/Python.framework/Versions/3.14/bin:/usr/local/bin:/usr/bin:/bin:/usr/sbin:/sbin:/usr/local/share/dotnet:~/.dotnet/tools:/Library/Apple/usr/bin:/Library/Frameworks/Mono.framework/Versions/Current/Commands
SHELL=/bin/zsh

Signal Handlers:
SIGSEGV: [libjvm.dylib+0x7f0282], sa_mask[0]=11111111011111110111111111111111, sa_flags=SA_ONSTACK|SA_RESTART|SA_SIGINFO
SIGBUS: [libjvm.dylib+0x7f0282], sa_mask[0]=11111111011111110111111111111111, sa_flags=SA_RESTART|SA_SIGINFO
SIGFPE: [libjvm.dylib+0x7f0282], sa_mask[0]=11111111011111110111111111111111, sa_flags=SA_RESTART|SA_SIGINFO
SIGPIPE: [libjvm.dylib+0x6357e1], sa_mask[0]=11111111011111110111111111111111, sa_flags=SA_RESTART|SA_SIGINFO
SIGXFSZ: [libjvm.dylib+0x6357e1], sa_mask[0]=11111111011111110111111111111111, sa_flags=SA_RESTART|SA_SIGINFO
SIGILL: [libjvm.dylib+0x7f0282], sa_mask[0]=11111111011111110111111111111111, sa_flags=SA_RESTART|SA_SIGINFO
SIGUSR2: [libjvm.dylib+0x635db6], sa_mask[0]=00000000000000000000000000000000, sa_flags=SA_RESTART|SA_SIGINFO
SIGHUP: [libjvm.dylib+0x634daf], sa_mask[0]=11111111011111110111111111111111, sa_flags=SA_RESTART|SA_SIGINFO
SIGINT: SIG_IGN, sa_mask[0]=00000000000000000000000000000000, sa_flags=SA_ONSTACK
SIGTERM: [libjvm.dylib+0x634daf], sa_mask[0]=11111111011111110111111111111111, sa_flags=SA_RESTART|SA_SIGINFO
SIGQUIT: [libjvm.dylib+0x634daf], sa_mask[0]=11111111011111110111111111111111, sa_flags=SA_RESTART|SA_SIGINFO


---------------  S Y S T E M  ---------------

OS:uname:Darwin 21.6.0 Darwin Kernel Version 21.6.0: Mon Jun 24 00:56:10 PDT 2024; root:xnu-8020.240.18.709.2~1/RELEASE_X86_64 x86_64
rlimit: STACK 8192k, CORE 0k, NPROC 2784, NOFILE 10240, AS infinity, DATA infinity, FSIZE infinity
load average:6.03 3.50 3.30

CPU:total 8 (initial active 8) (4 cores per cpu, 2 threads per core) family 6 model 70 stepping 1, cmov, cx8, fxsr, mmx, sse, sse2, sse3, ssse3, sse4.1, sse4.2, popcnt, avx, avx2, aes, clmul, erms, lzcnt, ht, tsc, tscinvbit, bmi1, bmi2, fma

Memory: 4k page, physical 16777216k(40460k free), swap 2097152k(1285888k free)

vm_info: OpenJDK 64-Bit Server VM (13.0.2+8) for bsd-amd64 JRE (13.0.2+8), built on Feb  6 2020 02:07:52 by "brew" with clang 4.2.1 Compatible Apple LLVM 11.0.0 (clang-1100.0.33.17)

END.
