#
# A fatal error has been detected by the Java Runtime Environment:
#
#  SIGSEGV (0xb) at pc=0x0000000109b09e38, pid=17083, tid=27459
#
# JRE version: OpenJDK Runtime Environment (13.0.2+8) (build 13.0.2+8)
# Java VM: OpenJDK 64-Bit Server VM (13.0.2+8, mixed mode, sharing, tiered, compressed oops, g1 gc, bsd-amd64)
# Problematic frame:
# C  [Python+0xcae38]  PyObject_RichCompare+0x32
#
# No core dump will be written. Core dumps have been disabled. To enable core dumping, try "ulimit -c unlimited" before starting Java again
#
# If you would like to submit a bug report, please visit:
#   http://bugreport.java.com/bugreport/crash.jsp
# The crash happened outside the Java Virtual Machine in native code.
# See problematic frame for where to report the bug.
#

---------------  S U M M A R Y ------------

Command Line: -Dfile.encoding=UTF8 -ea -Xmx1024m 

Host: MacBookPro11,4 x86_64 2500 MHz, 8 cores, 16G, Darwin 21.6.0
Time: Mon Jul 27 17:47:26 2026 KST elapsed time: 20343 seconds (0d 5h 39m 3s)

---------------  T H R E A D  ---------------

Current thread (0x00007fbf79056000):  JavaThread "SIGTERM handler" daemon [_thread_in_native, id=27459, stack(0x0000700013f64000,0x0000700014064000)]

Stack: [0x0000700013f64000,0x0000700014064000],  sp=0x00007000140637c0,  free space=1021k
Native frames: (J=compiled Java code, A=aot compiled Java code, j=interpreted, Vv=VM code, C=native code)
C  [Python+0xcae38]  PyObject_RichCompare+0x32
C  [Python+0x22d163]  PyErr_SetInterruptEx+0x7b
j  org.jpype.JPypeSignal.interruptPy(I)V+0
j  org.jpype.JPypeSignal.lambda$getSignalHandler$0(ILjava/lang/Object;Ljava/lang/reflect/Method;[Ljava/lang/Object;)Ljava/lang/Object;+7
j  org.jpype.JPypeSignal$$Lambda$11.invoke(Ljava/lang/Object;Ljava/lang/reflect/Method;[Ljava/lang/Object;)Ljava/lang/Object;+7
j  com.sun.proxy.$Proxy2.handle(Lsun/misc/Signal;)V+16
j  sun.misc.Signal$InternalMiscHandler.handle(Ljdk/internal/misc/Signal;)V+8 jdk.unsupported@13.0.2
j  jdk.internal.misc.Signal$1.run()V+8 java.base@13.0.2
j  java.lang.Thread.run()V+11 java.base@13.0.2
v  ~StubRoutines::call_stub
V  [libjvm.dylib+0x39db4f]  JavaCalls::call_helper(JavaValue*, methodHandle const&, JavaCallArguments*, Thread*)+0x285
V  [libjvm.dylib+0x39cf5c]  JavaCalls::call_virtual(JavaValue*, Klass*, Symbol*, Symbol*, JavaCallArguments*, Thread*)+0xe2
V  [libjvm.dylib+0x39d016]  JavaCalls::call_virtual(JavaValue*, Handle, Klass*, Symbol*, Symbol*, Thread*)+0x62
V  [libjvm.dylib+0x423d4e]  thread_entry(JavaThread*, Thread*)+0x78
V  [libjvm.dylib+0x79d2d2]  JavaThread::thread_main_inner()+0x86
V  [libjvm.dylib+0x79d116]  JavaThread::run()+0x124
V  [libjvm.dylib+0x79af53]  Thread::call_run()+0x71
V  [libjvm.dylib+0x633c9c]  thread_native_entry(Thread*)+0x12f
C  [libsystem_pthread.dylib+0x64e1]  _pthread_start+0x7d
C  [libsystem_pthread.dylib+0x1f6b]  thread_start+0xf

Java frames: (J=compiled Java code, j=interpreted, Vv=VM code)
j  org.jpype.JPypeSignal.interruptPy(I)V+0
j  org.jpype.JPypeSignal.lambda$getSignalHandler$0(ILjava/lang/Object;Ljava/lang/reflect/Method;[Ljava/lang/Object;)Ljava/lang/Object;+7
j  org.jpype.JPypeSignal$$Lambda$11.invoke(Ljava/lang/Object;Ljava/lang/reflect/Method;[Ljava/lang/Object;)Ljava/lang/Object;+7
j  com.sun.proxy.$Proxy2.handle(Lsun/misc/Signal;)V+16
j  sun.misc.Signal$InternalMiscHandler.handle(Ljdk/internal/misc/Signal;)V+8 jdk.unsupported@13.0.2
j  jdk.internal.misc.Signal$1.run()V+8 java.base@13.0.2
j  java.lang.Thread.run()V+11 java.base@13.0.2
v  ~StubRoutines::call_stub

siginfo: si_signo: 11 (SIGSEGV), si_code: 1 (SEGV_MAPERR), si_addr: 0x0000000000000024

Register to memory mapping:

RAX=0x00007fbf75a4c348 points into unknown readable memory: 00 00 00 00 00 00 00 00
RBX=0x0 is NULL
RCX=0x00007fbf76068ba8 points into unknown readable memory: 00 00 00 00 00 00 00 00
RDX=0x0000000000000002 is an unknown value
RSP=0x00007000140637c0 is pointing into the stack for thread: 0x00007fbf79056000
RBP=0x00007000140637f0 is pointing into the stack for thread: 0x00007fbf79056000
RSI=0x0000000109f21790: _PyRuntime+0xaa0 in /usr/local/Cellar/python@3.12/3.12.12/Frameworks/Python.framework/Versions/3.12/Python at 0x0000000109a3f000
RDI=0x0000000109f20cd8: _Py_tss_tstate+0 in /usr/local/Cellar/python@3.12/3.12.12/Frameworks/Python.framework/Versions/3.12/Python at 0x0000000109a3f000
R8 =0xc3000000014589ab is an unknown value
R9 =0x000000014589abb8 is at code_begin+24 in an Interpreter codelet
result handlers for native calls  [0x000000014589aba0, 0x000000014589abc0]  32 bytes
R10=0x000000014589dc61 is at code_begin+897 in an Interpreter codelet
method entry point (kind = native)  [0x000000014589d8e0, 0x000000014589e320]  2624 bytes
R11=0x00000007c0520880 is an oop: java.lang.Class 
{0x00000007c0520880} - klass: 'java/lang/Class'
R12=0x0 is NULL
R13=0x0000000109f21770: _PyRuntime+0xa80 in /usr/local/Cellar/python@3.12/3.12.12/Frameworks/Python.framework/Versions/3.12/Python at 0x0000000109a3f000
R14=0x0000000109f21770: _PyRuntime+0xa80 in /usr/local/Cellar/python@3.12/3.12.12/Frameworks/Python.framework/Versions/3.12/Python at 0x0000000109a3f000
R15=0x0000000109f21790: _PyRuntime+0xaa0 in /usr/local/Cellar/python@3.12/3.12.12/Frameworks/Python.framework/Versions/3.12/Python at 0x0000000109a3f000


Registers:
RAX=0x00007fbf75a4c348, RBX=0x0000000000000000, RCX=0x00007fbf76068ba8, RDX=0x0000000000000002
RSP=0x00007000140637c0, RBP=0x00007000140637f0, RSI=0x0000000109f21790, RDI=0x0000000109f20cd8
R8 =0xc3000000014589ab, R9 =0x000000014589abb8, R10=0x000000014589dc61, R11=0x00000007c0520880
R12=0x0000000000000000, R13=0x0000000109f21770, R14=0x0000000109f21770, R15=0x0000000109f21790
RIP=0x0000000109b09e38, EFLAGS=0x0000000000010206, ERR=0x0000000000000004
  TRAPNO=0x000000000000000e

Top of Stack: (sp=0x00007000140637c0)
0x00007000140637c0:   0000000109e48900 0000000109f20cf0
0x00007000140637d0:   0000000000000000 000000000000000f
0x00007000140637e0:   0000000109f21770 0000000000000000
0x00007000140637f0:   0000700014063830 0000000109c6c163
0x0000700014063800:   00000001357fbae0 000000013ba645d8
0x0000700014063810:   0000000000000000 000000013ba645d8
0x0000700014063820:   00007000140638b0 00007fbf79056000
0x0000700014063830:   0000700014063890 000000014589dc90
0x0000700014063840:   000000014589d996 0000700014063848
0x0000700014063850:   000000013ba645d8 00007000140638b0
0x0000700014063860:   000000013ba647b0 0000000000000000
0x0000700014063870:   00000007c0520880 000000013ba645d8
0x0000700014063880:   0000000000000000 00007000140638b0
0x0000700014063890:   0000700014063900 0000000145897fb3
0x00007000140638a0:   00000007c0520880 000000014589abb8
0x00007000140638b0:   000000000000000f 00007000140638b8
0x00007000140638c0:   000000013ba6471f 0000700014063928
0x00007000140638d0:   000000013ba647b0 0000000000000000
0x00007000140638e0:   00000007c0520880 000000013ba64728
0x00007000140638f0:   00007000140638b0 0000700014063910
0x0000700014063900:   0000700014063978 0000000145897d00
0x0000700014063910:   00000007c8300000 00000007c0522f58
0x0000700014063920:   00000007c0523120 000000000000000f
0x0000700014063930:   0000700014063930 000000013ba49397
0x0000700014063940:   00007000140639a0 000000013ba49c58
0x0000700014063950:   0000000000000000 00000007c0522318
0x0000700014063960:   000000013ba493a8 0000700014063910
0x0000700014063970:   0000700014063988 00007000140639f0
0x0000700014063980:   0000000145897de6 00000007c8300000
0x0000700014063990:   00000007c0522f58 00000007c0523120
0x00007000140639a0:   00000007c0523110 00007000140639a8
0x00007000140639b0:   000000013ba65238 0000700014063a10 

Instructions: (pc=0x0000000109b09e38)
0x0000000109b09d38:   54 2b 00 0f 94 c3 49 8b 06 85 c0 79 1a 89 d8 5b
0x0000000109b09d48:   41 5e 5d c3 bb 01 00 00 00 83 fa 02 74 ef 83 fa
0x0000000109b09d58:   03 75 bd 31 db eb e6 48 ff c8 49 89 06 75 de 49
0x0000000109b09d68:   8b 46 08 4c 89 f7 ff 50 30 eb d2 bb ff ff ff ff
0x0000000109b09d78:   eb cb 4c 3b 35 9f 54 2b 00 74 79 31 db 4c 3b 35
0x0000000109b09d88:   7c 54 2b 00 74 b0 48 8d 0d 8b 30 34 00 49 39 ce
0x0000000109b09d98:   74 a4 48 8b 48 60 48 85 c9 74 09 48 8b 49 48 48
0x0000000109b09da8:   85 c9 75 26 48 8b 48 70 48 85 c9 74 26 48 8b 09
0x0000000109b09db8:   48 85 c9 74 1e 4c 89 f7 ff d1 48 85 c0 bb 01 00
0x0000000109b09dc8:   00 00 0f 4e d8 e9 6c ff ff ff 4c 89 f7 ff d1 48
0x0000000109b09dd8:   98 eb e7 48 8b 40 68 48 85 c0 74 18 48 8b 00 bb
0x0000000109b09de8:   01 00 00 00 48 85 c0 0f 84 49 ff ff ff 4c 89 f7
0x0000000109b09df8:   ff d0 eb c6 bb 01 00 00 00 e9 38 ff ff ff 55 48
0x0000000109b09e08:   89 e5 41 57 41 56 41 55 41 54 53 50 49 89 f7 49
0x0000000109b09e18:   89 fd 48 8d 3d b7 6e 41 00 ff 17 48 8b 18 4d 85
0x0000000109b09e28:   ed 0f 84 7a 02 00 00 4d 85 ff 0f 84 71 02 00 00
0x0000000109b09e38:   8b 43 24 8d 48 ff 89 4b 24 85 c0 0f 8e 88 02 00
0x0000000109b09e48:   00 49 8b 47 08 49 8b 4d 08 40 b6 01 48 39 c1 48
0x0000000109b09e58:   89 5d d0 0f 85 04 01 00 00 41 89 f4 49 8b 45 08
0x0000000109b09e68:   48 8b 80 c8 00 00 00 48 85 c0 74 41 4c 89 ef 4c
0x0000000109b09e78:   89 fe 41 89 d6 ff d0 48 89 c3 48 8d 05 a7 2f 34
0x0000000109b09e88:   00 48 39 c3 74 19 48 8b 45 d0 ff 40 24 48 89 d8
0x0000000109b09e98:   48 83 c4 08 5b 41 5c 41 5d 41 5e 41 5f 5d c3 48
0x0000000109b09ea8:   8b 05 82 2f 34 00 85 c0 44 89 f2 79 68 45 84 e4
0x0000000109b09eb8:   74 45 49 8b 47 08 48 8b 80 c8 00 00 00 48 85 c0
0x0000000109b09ec8:   74 35 41 89 d4 48 63 ca 48 8d 15 69 29 34 00 8b
0x0000000109b09ed8:   14 8a 4c 89 ff 4c 89 ee ff d0 48 89 c3 48 8d 05
0x0000000109b09ee8:   44 2f 34 00 48 39 c3 75 9d 48 8b 05 38 2f 34 00
0x0000000109b09ef8:   85 c0 44 89 e2 79 44 83 fa 02 0f 85 94 00 00 00
0x0000000109b09f08:   4d 39 fd 0f 85 da 00 00 00 48 8d 1d c0 d6 32 00
0x0000000109b09f18:   e9 d5 00 00 00 48 ff c8 48 89 05 09 2f 34 00 75
0x0000000109b09f28:   8c 48 8b 05 08 2f 34 00 48 8d 3d f9 2e 34 00 89 


Stack slot to memory mapping:
stack at sp + 0 slots: 0x0000000109e48900: PyLong_Type+0 in /usr/local/Cellar/python@3.12/3.12.12/Frameworks/Python.framework/Versions/3.12/Python at 0x0000000109a3f000
stack at sp + 1 slots: 0x0000000109f20cf0: _PyRuntime+0 in /usr/local/Cellar/python@3.12/3.12.12/Frameworks/Python.framework/Versions/3.12/Python at 0x0000000109a3f000
stack at sp + 2 slots: 0x0 is NULL
stack at sp + 3 slots: 0x000000000000000f is an unknown value
stack at sp + 4 slots: 0x0000000109f21770: _PyRuntime+0xa80 in /usr/local/Cellar/python@3.12/3.12.12/Frameworks/Python.framework/Versions/3.12/Python at 0x0000000109a3f000
stack at sp + 5 slots: 0x0 is NULL
stack at sp + 6 slots: 0x0000700014063830 is pointing into the stack for thread: 0x00007fbf79056000
stack at sp + 7 slots: 0x0000000109c6c163: PyErr_SetInterruptEx+0x7b in /usr/local/Cellar/python@3.12/3.12.12/Frameworks/Python.framework/Versions/3.12/Python at 0x0000000109a3f000


---------------  P R O C E S S  ---------------

Threads class SMR info:
_java_thread_list=0x00007fbf72dc9270, length=11, elements={
0x00007fbf72150000, 0x00007fbf72173800, 0x00007fbf72176800, 0x00007fbf6f41c800,
0x00007fbf6f108000, 0x00007fbf6f77d000, 0x00007fbf6f77e000, 0x00007fbf6e76e000,
0x00007fbf7214e800, 0x00007fbf6f7ff000, 0x00007fbf79056000
}

Java Threads: ( => current thread )
  0x00007fbf72150000 JavaThread "main" [_thread_in_native, id=259, stack(0x00007ff7b5bdd000,0x00007ff7b6bdd000)]
  0x00007fbf72173800 JavaThread "Reference Handler" daemon [_thread_blocked, id=43267, stack(0x0000700013037000,0x0000700013137000)]
  0x00007fbf72176800 JavaThread "Finalizer" daemon [_thread_blocked, id=22019, stack(0x000070001313a000,0x000070001323a000)]
  0x00007fbf6f41c800 JavaThread "Signal Dispatcher" daemon [_thread_blocked, id=22787, stack(0x000070001323d000,0x000070001333d000)]
  0x00007fbf6f108000 JavaThread "C2 CompilerThread0" daemon [_thread_blocked, id=42499, stack(0x0000700013340000,0x0000700013440000)]
  0x00007fbf6f77d000 JavaThread "C1 CompilerThread0" daemon [_thread_blocked, id=23811, stack(0x0000700013443000,0x0000700013543000)]
  0x00007fbf6f77e000 JavaThread "Sweeper thread" daemon [_thread_blocked, id=24323, stack(0x0000700013546000,0x0000700013646000)]
  0x00007fbf6e76e000 JavaThread "Service Thread" daemon [_thread_blocked, id=25091, stack(0x0000700013649000,0x0000700013749000)]
  0x00007fbf7214e800 JavaThread "Common-Cleaner" daemon [_thread_blocked, id=41219, stack(0x000070001384f000,0x000070001394f000)]
  0x00007fbf6f7ff000 JavaThread "Python Reference Queue" daemon [_thread_blocked, id=40707, stack(0x0000700013952000,0x0000700013a52000)]
=>0x00007fbf79056000 JavaThread "SIGTERM handler" daemon [_thread_in_native, id=27459, stack(0x0000700013f64000,0x0000700014064000)]

Other Threads:
  0x00007fbf72172800 VMThread "VM Thread" [stack: 0x0000700012f34000,0x0000700013034000] [id=15363]
  0x00007fbf721aa000 WatcherThread [stack: 0x000070001374c000,0x000070001384c000] [id=41731]
  0x00007fbf6e73f000 GCTaskThread "GC Thread#0" [stack: 0x0000700012a25000,0x0000700012b25000] [id=18179]
  0x00007fbf7227d800 GCTaskThread "GC Thread#1" [stack: 0x0000700013a55000,0x0000700013b55000] [id=40451]
  0x00007fbf7227e000 GCTaskThread "GC Thread#2" [stack: 0x0000700013b58000,0x0000700013c58000] [id=40195]
  0x00007fbf7227f000 GCTaskThread "GC Thread#3" [stack: 0x0000700013c5b000,0x0000700013d5b000] [id=26627]
  0x00007fbf7227f800 GCTaskThread "GC Thread#4" [stack: 0x0000700013d5e000,0x0000700013e5e000] [id=39427]
  0x00007fbf72280800 GCTaskThread "GC Thread#5" [stack: 0x0000700013e61000,0x0000700013f61000] [id=38915]
  0x00007fbf6e769000 ConcurrentGCThread "G1 Main Marker" [stack: 0x0000700012b28000,0x0000700012c28000] [id=13571]
  0x00007fbf6e769800 ConcurrentGCThread "G1 Conc#0" [stack: 0x0000700012c2b000,0x0000700012d2b000] [id=17923]
  0x00007fbf742fb000 ConcurrentGCThread "G1 Conc#1" [stack: 0x0000700014067000,0x0000700014167000] [id=20999]
  0x00007fbf6ff11800 ConcurrentGCThread "G1 Refine#0" [stack: 0x0000700012d2e000,0x0000700012e2e000] [id=17411]
  0x00007fbf6cb15800 ConcurrentGCThread "G1 Refine#1" [stack: 0x000070001516d000,0x000070001526d000] [id=37891]
  0x00007fbf6e908800 ConcurrentGCThread "G1 Refine#2" [stack: 0x0000700015270000,0x0000700015370000] [id=37379]
  0x00007fbf6ff12000 ConcurrentGCThread "G1 Young RemSet Sampling" [stack: 0x0000700012e31000,0x0000700012f31000] [id=16899]

Threads with active compile tasks:

VM state:not at safepoint (normal execution)

VM Mutex/Monitor currently owned by a thread: None

Heap address: 0x00000007c0000000, size: 1024 MB, Compressed Oops mode: Zero based, Oop shift amount: 3
Narrow klass base: 0x0000000800000000, Narrow klass shift: 3
Compressed class space size: 1073741824 Address: 0x0000000800af5000

Heap:
 garbage-first heap   total 239616K, used 181840K [0x00000007c0000000, 0x0000000800000000)
  region size 1024K, 102 young (104448K), 1 survivors (1024K)
 Metaspace       used 10958K, capacity 12642K, committed 12800K, reserved 1060864K
  class space    used 1694K, capacity 2008K, committed 2048K, reserved 1048576K
Heap Regions: E=young(eden), S=young(survivor), O=old, HS=humongous(starts), HC=humongous(continues), CS=collection set, F=free, A=archive, TAMS=top-at-mark-start (previous, next)
|   0|0x00000007c0000000, 0x00000007c0100000, 0x00000007c0100000|100%| O|  |TAMS 0x00000007c0000000, 0x00000007c0000000| Untracked 
|   1|0x00000007c0100000, 0x00000007c01ffff8, 0x00000007c0200000| 99%| O|  |TAMS 0x00000007c0100000, 0x00000007c0100000| Untracked 
|   2|0x00000007c0200000, 0x00000007c02ffff8, 0x00000007c0300000| 99%| O|  |TAMS 0x00000007c0200000, 0x00000007c0200000| Untracked 
|   3|0x00000007c0300000, 0x00000007c03ffff0, 0x00000007c0400000| 99%| O|  |TAMS 0x00000007c0300000, 0x00000007c0300000| Untracked 
|   4|0x00000007c0400000, 0x00000007c04ffff0, 0x00000007c0500000| 99%| O|  |TAMS 0x00000007c0400000, 0x00000007c0400000| Untracked 
|   5|0x00000007c0500000, 0x00000007c0600000, 0x00000007c0600000|100%| O|  |TAMS 0x00000007c0500000, 0x00000007c0500000| Untracked 
|   6|0x00000007c0600000, 0x00000007c0700000, 0x00000007c0700000|100%| O|  |TAMS 0x00000007c0600000, 0x00000007c0600000| Untracked 
|   7|0x00000007c0700000, 0x00000007c0800000, 0x00000007c0800000|100%| O|  |TAMS 0x00000007c0700000, 0x00000007c0700000| Untracked 
|   8|0x00000007c0800000, 0x00000007c08ffff8, 0x00000007c0900000| 99%| O|  |TAMS 0x00000007c0800000, 0x00000007c0800000| Untracked 
|   9|0x00000007c0900000, 0x00000007c0a00000, 0x00000007c0a00000|100%|HS|  |TAMS 0x00000007c0900000, 0x00000007c0900000| Untracked 
|  10|0x00000007c0a00000, 0x00000007c0b00000, 0x00000007c0b00000|100%|HC|  |TAMS 0x00000007c0a00000, 0x00000007c0a00000| Untracked 
|  11|0x00000007c0b00000, 0x00000007c0bffff0, 0x00000007c0c00000| 99%| O|  |TAMS 0x00000007c0b00000, 0x00000007c0b00000| Untracked 
|  12|0x00000007c0c00000, 0x00000007c0cffff8, 0x00000007c0d00000| 99%| O|  |TAMS 0x00000007c0c00000, 0x00000007c0c00000| Untracked 
|  13|0x00000007c0d00000, 0x00000007c0e00000, 0x00000007c0e00000|100%|HS|  |TAMS 0x00000007c0d00000, 0x00000007c0d00000| Untracked 
|  14|0x00000007c0e00000, 0x00000007c0f00000, 0x00000007c0f00000|100%|HC|  |TAMS 0x00000007c0e00000, 0x00000007c0e00000| Untracked 
|  15|0x00000007c0f00000, 0x00000007c0fffff0, 0x00000007c1000000| 99%| O|  |TAMS 0x00000007c0f00000, 0x00000007c0f00000| Untracked 
|  16|0x00000007c1000000, 0x00000007c10fffa8, 0x00000007c1100000| 99%| O|  |TAMS 0x00000007c1000000, 0x00000007c1000000| Untracked 
|  17|0x00000007c1100000, 0x00000007c1200000, 0x00000007c1200000|100%| O|  |TAMS 0x00000007c1100000, 0x00000007c1100000| Untracked 
|  18|0x00000007c1200000, 0x00000007c1300000, 0x00000007c1300000|100%| O|  |TAMS 0x00000007c1200000, 0x00000007c1200000| Untracked 
|  19|0x00000007c1300000, 0x00000007c13ffff8, 0x00000007c1400000| 99%| O|  |TAMS 0x00000007c1300000, 0x00000007c1300000| Untracked 
|  20|0x00000007c1400000, 0x00000007c14ffff0, 0x00000007c1500000| 99%| O|  |TAMS 0x00000007c1400000, 0x00000007c1400000| Untracked 
|  21|0x00000007c1500000, 0x00000007c15ffff8, 0x00000007c1600000| 99%| O|  |TAMS 0x00000007c1500000, 0x00000007c1500000| Untracked 
|  22|0x00000007c1600000, 0x00000007c1700000, 0x00000007c1700000|100%| O|  |TAMS 0x00000007c1600000, 0x00000007c1600000| Untracked 
|  23|0x00000007c1700000, 0x00000007c1800000, 0x00000007c1800000|100%|HS|  |TAMS 0x00000007c1700000, 0x00000007c1700000| Untracked 
|  24|0x00000007c1800000, 0x00000007c1900000, 0x00000007c1900000|100%|HS|  |TAMS 0x00000007c1800000, 0x00000007c1800000| Untracked 
|  25|0x00000007c1900000, 0x00000007c1a00000, 0x00000007c1a00000|100%|HS|  |TAMS 0x00000007c1900000, 0x00000007c1900000| Untracked 
|  26|0x00000007c1a00000, 0x00000007c1b00000, 0x00000007c1b00000|100%| O|  |TAMS 0x00000007c1a00000, 0x00000007c1a00000| Untracked 
|  27|0x00000007c1b00000, 0x00000007c1bffff8, 0x00000007c1c00000| 99%| O|  |TAMS 0x00000007c1b00000, 0x00000007c1b00000| Untracked 
|  28|0x00000007c1c00000, 0x00000007c1cffff8, 0x00000007c1d00000| 99%| O|  |TAMS 0x00000007c1c00000, 0x00000007c1c00000| Untracked 
|  29|0x00000007c1d00000, 0x00000007c1dffff8, 0x00000007c1e00000| 99%| O|  |TAMS 0x00000007c1d00000, 0x00000007c1d00000| Untracked 
|  30|0x00000007c1e00000, 0x00000007c1effff0, 0x00000007c1f00000| 99%| O|  |TAMS 0x00000007c1e00000, 0x00000007c1e00000| Untracked 
|  31|0x00000007c1f00000, 0x00000007c1fffff8, 0x00000007c2000000| 99%| O|  |TAMS 0x00000007c1f00000, 0x00000007c1f00000| Untracked 
|  32|0x00000007c2000000, 0x00000007c20ffff0, 0x00000007c2100000| 99%| O|  |TAMS 0x00000007c2000000, 0x00000007c2000000| Untracked 
|  33|0x00000007c2100000, 0x00000007c2200000, 0x00000007c2200000|100%| O|  |TAMS 0x00000007c2100000, 0x00000007c2100000| Untracked 
|  34|0x00000007c2200000, 0x00000007c2300000, 0x00000007c2300000|100%|HS|  |TAMS 0x00000007c2200000, 0x00000007c2200000| Untracked 
|  35|0x00000007c2300000, 0x00000007c2400000, 0x00000007c2400000|100%|HC|  |TAMS 0x00000007c2300000, 0x00000007c2300000| Untracked 
|  36|0x00000007c2400000, 0x00000007c2500000, 0x00000007c2500000|100%|HS|  |TAMS 0x00000007c2400000, 0x00000007c2400000| Untracked 
|  37|0x00000007c2500000, 0x00000007c2600000, 0x00000007c2600000|100%|HC|  |TAMS 0x00000007c2500000, 0x00000007c2500000| Untracked 
|  38|0x00000007c2600000, 0x00000007c26ffff8, 0x00000007c2700000| 99%| O|  |TAMS 0x00000007c2600000, 0x00000007c2600000| Untracked 
|  39|0x00000007c2700000, 0x00000007c27ffff0, 0x00000007c2800000| 99%| O|  |TAMS 0x00000007c2700000, 0x00000007c2700000| Untracked 
|  40|0x00000007c2800000, 0x00000007c2900000, 0x00000007c2900000|100%|HS|  |TAMS 0x00000007c2800000, 0x00000007c2800000| Untracked 
|  41|0x00000007c2900000, 0x00000007c2a00000, 0x00000007c2a00000|100%|HC|  |TAMS 0x00000007c2900000, 0x00000007c2900000| Untracked 
|  42|0x00000007c2a00000, 0x00000007c2b00000, 0x00000007c2b00000|100%|HS|  |TAMS 0x00000007c2a00000, 0x00000007c2a00000| Untracked 
|  43|0x00000007c2b00000, 0x00000007c2c00000, 0x00000007c2c00000|100%|HC|  |TAMS 0x00000007c2b00000, 0x00000007c2b00000| Untracked 
|  44|0x00000007c2c00000, 0x00000007c2cffff0, 0x00000007c2d00000| 99%| O|  |TAMS 0x00000007c2c00000, 0x00000007c2c00000| Untracked 
|  45|0x00000007c2d00000, 0x00000007c2dffff8, 0x00000007c2e00000| 99%| O|  |TAMS 0x00000007c2d00000, 0x00000007c2d00000| Untracked 
|  46|0x00000007c2e00000, 0x00000007c2effff8, 0x00000007c2f00000| 99%| O|  |TAMS 0x00000007c2e00000, 0x00000007c2e00000| Untracked 
|  47|0x00000007c2f00000, 0x00000007c2fffff8, 0x00000007c3000000| 99%| O|  |TAMS 0x00000007c2f00000, 0x00000007c2f00000| Untracked 
|  48|0x00000007c3000000, 0x00000007c3100000, 0x00000007c3100000|100%| O|  |TAMS 0x00000007c3000000, 0x00000007c3000000| Untracked 
|  49|0x00000007c3100000, 0x00000007c3200000, 0x00000007c3200000|100%| O|  |TAMS 0x00000007c3100000, 0x00000007c3100000| Untracked 
|  50|0x00000007c3200000, 0x00000007c32ffff0, 0x00000007c3300000| 99%| O|  |TAMS 0x00000007c3200000, 0x00000007c3200000| Untracked 
|  51|0x00000007c3300000, 0x00000007c33fffe8, 0x00000007c3400000| 99%| O|  |TAMS 0x00000007c3300000, 0x00000007c3300000| Untracked 
|  52|0x00000007c3400000, 0x00000007c3500000, 0x00000007c3500000|100%| O|  |TAMS 0x00000007c3400000, 0x00000007c3400000| Untracked 
|  53|0x00000007c3500000, 0x00000007c35ffff8, 0x00000007c3600000| 99%| O|  |TAMS 0x00000007c3500000, 0x00000007c3500000| Untracked 
|  54|0x00000007c3600000, 0x00000007c36fffe8, 0x00000007c3700000| 99%| O|  |TAMS 0x00000007c3600000, 0x00000007c3600000| Untracked 
|  55|0x00000007c3700000, 0x00000007c37fffc0, 0x00000007c3800000| 99%| O|  |TAMS 0x00000007c3700000, 0x00000007c3700000| Untracked 
|  56|0x00000007c3800000, 0x00000007c38fffe8, 0x00000007c3900000| 99%| O|  |TAMS 0x00000007c3800000, 0x00000007c3800000| Untracked 
|  57|0x00000007c3900000, 0x00000007c3a00000, 0x00000007c3a00000|100%| O|  |TAMS 0x00000007c3900000, 0x00000007c3900000| Untracked 
|  58|0x00000007c3a00000, 0x00000007c3affff0, 0x00000007c3b00000| 99%| O|  |TAMS 0x00000007c3a00000, 0x00000007c3a00000| Untracked 
|  59|0x00000007c3b00000, 0x00000007c3bffff8, 0x00000007c3c00000| 99%| O|  |TAMS 0x00000007c3b00000, 0x00000007c3b00000| Untracked 
|  60|0x00000007c3c00000, 0x00000007c3cffff8, 0x00000007c3d00000| 99%| O|  |TAMS 0x00000007c3c00000, 0x00000007c3c00000| Untracked 
|  61|0x00000007c3d00000, 0x00000007c3e00000, 0x00000007c3e00000|100%| O|  |TAMS 0x00000007c3d00000, 0x00000007c3d00000| Untracked 
|  62|0x00000007c3e00000, 0x00000007c3effff0, 0x00000007c3f00000| 99%| O|  |TAMS 0x00000007c3e00000, 0x00000007c3e00000| Untracked 
|  63|0x00000007c3f00000, 0x00000007c4000000, 0x00000007c4000000|100%| O|  |TAMS 0x00000007c3f00000, 0x00000007c3f00000| Untracked 
|  64|0x00000007c4000000, 0x00000007c40ffff0, 0x00000007c4100000| 99%| O|  |TAMS 0x00000007c4000000, 0x00000007c4000000| Untracked 
|  65|0x00000007c4100000, 0x00000007c41ffff8, 0x00000007c4200000| 99%| O|  |TAMS 0x00000007c4100000, 0x00000007c4100000| Untracked 
|  66|0x00000007c4200000, 0x00000007c42ffff8, 0x00000007c4300000| 99%| O|  |TAMS 0x00000007c4200000, 0x00000007c4200000| Untracked 
|  67|0x00000007c4300000, 0x00000007c43de0d0, 0x00000007c4400000| 86%| O|  |TAMS 0x00000007c4300000, 0x00000007c4300000| Untracked 
|  68|0x00000007c4400000, 0x00000007c4400000, 0x00000007c4500000|  0%| F|  |TAMS 0x00000007c4400000, 0x00000007c4400000| Untracked 
|  69|0x00000007c4500000, 0x00000007c4500000, 0x00000007c4600000|  0%| F|  |TAMS 0x00000007c4500000, 0x00000007c4500000| Untracked 
|  70|0x00000007c4600000, 0x00000007c4600000, 0x00000007c4700000|  0%| F|  |TAMS 0x00000007c4600000, 0x00000007c4600000| Untracked 
|  71|0x00000007c4700000, 0x00000007c4700000, 0x00000007c4800000|  0%| F|  |TAMS 0x00000007c4700000, 0x00000007c4700000| Untracked 
|  72|0x00000007c4800000, 0x00000007c4800000, 0x00000007c4900000|  0%| F|  |TAMS 0x00000007c4800000, 0x00000007c4800000| Untracked 
|  73|0x00000007c4900000, 0x00000007c4900000, 0x00000007c4a00000|  0%| F|  |TAMS 0x00000007c4900000, 0x00000007c4900000| Untracked 
|  74|0x00000007c4a00000, 0x00000007c4a00000, 0x00000007c4b00000|  0%| F|  |TAMS 0x00000007c4a00000, 0x00000007c4a00000| Untracked 
|  75|0x00000007c4b00000, 0x00000007c4b00000, 0x00000007c4c00000|  0%| F|  |TAMS 0x00000007c4b00000, 0x00000007c4b00000| Untracked 
|  76|0x00000007c4c00000, 0x00000007c4c00000, 0x00000007c4d00000|  0%| F|  |TAMS 0x00000007c4c00000, 0x00000007c4c00000| Untracked 
|  77|0x00000007c4d00000, 0x00000007c4d00000, 0x00000007c4e00000|  0%| F|  |TAMS 0x00000007c4d00000, 0x00000007c4d00000| Untracked 
|  78|0x00000007c4e00000, 0x00000007c4e00000, 0x00000007c4f00000|  0%| F|  |TAMS 0x00000007c4e00000, 0x00000007c4e00000| Untracked 
|  79|0x00000007c4f00000, 0x00000007c4f00000, 0x00000007c5000000|  0%| F|  |TAMS 0x00000007c4f00000, 0x00000007c4f00000| Untracked 
|  80|0x00000007c5000000, 0x00000007c5000000, 0x00000007c5100000|  0%| F|  |TAMS 0x00000007c5000000, 0x00000007c5000000| Untracked 
|  81|0x00000007c5100000, 0x00000007c5100000, 0x00000007c5200000|  0%| F|  |TAMS 0x00000007c5100000, 0x00000007c5100000| Untracked 
|  82|0x00000007c5200000, 0x00000007c5200000, 0x00000007c5300000|  0%| F|  |TAMS 0x00000007c5200000, 0x00000007c5200000| Untracked 
|  83|0x00000007c5300000, 0x00000007c5300000, 0x00000007c5400000|  0%| F|  |TAMS 0x00000007c5300000, 0x00000007c5300000| Untracked 
|  84|0x00000007c5400000, 0x00000007c5400000, 0x00000007c5500000|  0%| F|  |TAMS 0x00000007c5400000, 0x00000007c5400000| Untracked 
|  85|0x00000007c5500000, 0x00000007c55ffff0, 0x00000007c5600000| 99%| O|  |TAMS 0x00000007c5500000, 0x00000007c5500000| Untracked 
|  86|0x00000007c5600000, 0x00000007c56ffff0, 0x00000007c5700000| 99%| O|  |TAMS 0x00000007c5600000, 0x00000007c5600000| Untracked 
|  87|0x00000007c5700000, 0x00000007c5800000, 0x00000007c5800000|100%| O|  |TAMS 0x00000007c5700000, 0x00000007c5700000| Untracked 
|  88|0x00000007c5800000, 0x00000007c58fffe8, 0x00000007c5900000| 99%| O|  |TAMS 0x00000007c5800000, 0x00000007c5800000| Untracked 
|  89|0x00000007c5900000, 0x00000007c5900000, 0x00000007c5a00000|  0%| F|  |TAMS 0x00000007c5900000, 0x00000007c5900000| Untracked 
|  90|0x00000007c5a00000, 0x00000007c5affff0, 0x00000007c5b00000| 99%| O|  |TAMS 0x00000007c5a00000, 0x00000007c5a00000| Untracked 
|  91|0x00000007c5b00000, 0x00000007c5c00000, 0x00000007c5c00000|100%| O|  |TAMS 0x00000007c5b00000, 0x00000007c5b00000| Untracked 
|  92|0x00000007c5c00000, 0x00000007c5d00000, 0x00000007c5d00000|100%| O|  |TAMS 0x00000007c5c00000, 0x00000007c5c00000| Untracked 
|  93|0x00000007c5d00000, 0x00000007c5d706b0, 0x00000007c5e00000| 43%| O|  |TAMS 0x00000007c5d00000, 0x00000007c5d00000| Untracked 
|  94|0x00000007c5e00000, 0x00000007c5f00000, 0x00000007c5f00000|100%| O|  |TAMS 0x00000007c5e00000, 0x00000007c5e00000| Untracked 
|  95|0x00000007c5f00000, 0x00000007c5f4b3b0, 0x00000007c6000000| 29%| O|  |TAMS 0x00000007c5f00000, 0x00000007c5f00000| Untracked 
|  96|0x00000007c6000000, 0x00000007c6000000, 0x00000007c6100000|  0%| F|  |TAMS 0x00000007c6000000, 0x00000007c6000000| Untracked 
|  97|0x00000007c6100000, 0x00000007c6100000, 0x00000007c6200000|  0%| F|  |TAMS 0x00000007c6100000, 0x00000007c6100000| Untracked 
|  98|0x00000007c6200000, 0x00000007c6200000, 0x00000007c6300000|  0%| F|  |TAMS 0x00000007c6200000, 0x00000007c6200000| Untracked 
|  99|0x00000007c6300000, 0x00000007c6300000, 0x00000007c6400000|  0%| F|  |TAMS 0x00000007c6300000, 0x00000007c6300000| Untracked 
| 100|0x00000007c6400000, 0x00000007c6400000, 0x00000007c6500000|  0%| F|  |TAMS 0x00000007c6400000, 0x00000007c6400000| Untracked 
| 101|0x00000007c6500000, 0x00000007c6500000, 0x00000007c6600000|  0%| F|  |TAMS 0x00000007c6500000, 0x00000007c6500000| Untracked 
| 102|0x00000007c6600000, 0x00000007c660c990, 0x00000007c6700000|  4%| S|CS|TAMS 0x00000007c6600000, 0x00000007c6600000| Complete 
| 103|0x00000007c6700000, 0x00000007c6700000, 0x00000007c6800000|  0%| F|  |TAMS 0x00000007c6700000, 0x00000007c6700000| Untracked 
| 104|0x00000007c6800000, 0x00000007c6800000, 0x00000007c6900000|  0%| F|  |TAMS 0x00000007c6800000, 0x00000007c6800000| Untracked 
| 105|0x00000007c6900000, 0x00000007c6900000, 0x00000007c6a00000|  0%| F|  |TAMS 0x00000007c6900000, 0x00000007c6900000| Untracked 
| 106|0x00000007c6a00000, 0x00000007c6a00000, 0x00000007c6b00000|  0%| F|  |TAMS 0x00000007c6a00000, 0x00000007c6a00000| Untracked 
| 107|0x00000007c6b00000, 0x00000007c6b00000, 0x00000007c6c00000|  0%| F|  |TAMS 0x00000007c6b00000, 0x00000007c6b00000| Untracked 
| 108|0x00000007c6c00000, 0x00000007c6c00000, 0x00000007c6d00000|  0%| F|  |TAMS 0x00000007c6c00000, 0x00000007c6c00000| Untracked 
| 109|0x00000007c6d00000, 0x00000007c6d00000, 0x00000007c6e00000|  0%| F|  |TAMS 0x00000007c6d00000, 0x00000007c6d00000| Untracked 
| 110|0x00000007c6e00000, 0x00000007c6e00000, 0x00000007c6f00000|  0%| F|  |TAMS 0x00000007c6e00000, 0x00000007c6e00000| Untracked 
| 111|0x00000007c6f00000, 0x00000007c6f00000, 0x00000007c7000000|  0%| F|  |TAMS 0x00000007c6f00000, 0x00000007c6f00000| Untracked 
| 112|0x00000007c7000000, 0x00000007c7000000, 0x00000007c7100000|  0%| F|  |TAMS 0x00000007c7000000, 0x00000007c7000000| Untracked 
| 113|0x00000007c7100000, 0x00000007c7100000, 0x00000007c7200000|  0%| F|  |TAMS 0x00000007c7100000, 0x00000007c7100000| Untracked 
| 114|0x00000007c7200000, 0x00000007c7200000, 0x00000007c7300000|  0%| F|  |TAMS 0x00000007c7200000, 0x00000007c7200000| Untracked 
| 115|0x00000007c7300000, 0x00000007c7300000, 0x00000007c7400000|  0%| F|  |TAMS 0x00000007c7300000, 0x00000007c7300000| Untracked 
| 116|0x00000007c7400000, 0x00000007c7400000, 0x00000007c7500000|  0%| F|  |TAMS 0x00000007c7400000, 0x00000007c7400000| Untracked 
| 117|0x00000007c7500000, 0x00000007c7500000, 0x00000007c7600000|  0%| F|  |TAMS 0x00000007c7500000, 0x00000007c7500000| Untracked 
| 118|0x00000007c7600000, 0x00000007c7600000, 0x00000007c7700000|  0%| F|  |TAMS 0x00000007c7600000, 0x00000007c7600000| Untracked 
| 119|0x00000007c7700000, 0x00000007c7714668, 0x00000007c7800000|  7%| O|  |TAMS 0x00000007c7700000, 0x00000007c7700000| Untracked 
| 120|0x00000007c7800000, 0x00000007c781aaf0, 0x00000007c7900000| 10%| O|  |TAMS 0x00000007c7800000, 0x00000007c7800000| Untracked 
| 121|0x00000007c7900000, 0x00000007c7900000, 0x00000007c7a00000|  0%| F|  |TAMS 0x00000007c7900000, 0x00000007c7900000| Untracked 
| 122|0x00000007c7a00000, 0x00000007c7a00000, 0x00000007c7b00000|  0%| F|  |TAMS 0x00000007c7a00000, 0x00000007c7a00000| Untracked 
| 123|0x00000007c7b00000, 0x00000007c7b00000, 0x00000007c7c00000|  0%| F|  |TAMS 0x00000007c7b00000, 0x00000007c7b00000| Untracked 
| 124|0x00000007c7c00000, 0x00000007c7c00000, 0x00000007c7d00000|  0%| F|  |TAMS 0x00000007c7c00000, 0x00000007c7c00000| Untracked 
| 125|0x00000007c7d00000, 0x00000007c7d00000, 0x00000007c7e00000|  0%| F|  |TAMS 0x00000007c7d00000, 0x00000007c7d00000| Untracked 
| 126|0x00000007c7e00000, 0x00000007c7e00000, 0x00000007c7f00000|  0%| F|  |TAMS 0x00000007c7e00000, 0x00000007c7e00000| Untracked 
| 127|0x00000007c7f00000, 0x00000007c7f00000, 0x00000007c8000000|  0%| F|  |TAMS 0x00000007c7f00000, 0x00000007c7f00000| Untracked 
| 128|0x00000007c8000000, 0x00000007c8000000, 0x00000007c8100000|  0%| F|  |TAMS 0x00000007c8000000, 0x00000007c8000000| Untracked 
| 129|0x00000007c8100000, 0x00000007c8100000, 0x00000007c8200000|  0%| F|  |TAMS 0x00000007c8100000, 0x00000007c8100000| Untracked 
| 130|0x00000007c8200000, 0x00000007c8200000, 0x00000007c8300000|  0%| F|  |TAMS 0x00000007c8200000, 0x00000007c8200000| Untracked 
| 131|0x00000007c8300000, 0x00000007c8300800, 0x00000007c8400000|  0%| E|  |TAMS 0x00000007c8300000, 0x00000007c8300000| Complete 
| 132|0x00000007c8400000, 0x00000007c8500000, 0x00000007c8500000|100%| E|CS|TAMS 0x00000007c8400000, 0x00000007c8400000| Complete 
| 133|0x00000007c8500000, 0x00000007c8600000, 0x00000007c8600000|100%| E|CS|TAMS 0x00000007c8500000, 0x00000007c8500000| Complete 
| 134|0x00000007c8600000, 0x00000007c8700000, 0x00000007c8700000|100%| E|CS|TAMS 0x00000007c8600000, 0x00000007c8600000| Complete 
| 135|0x00000007c8700000, 0x00000007c8800000, 0x00000007c8800000|100%| E|CS|TAMS 0x00000007c8700000, 0x00000007c8700000| Complete 
| 136|0x00000007c8800000, 0x00000007c8900000, 0x00000007c8900000|100%| E|CS|TAMS 0x00000007c8800000, 0x00000007c8800000| Complete 
| 137|0x00000007c8900000, 0x00000007c8a00000, 0x00000007c8a00000|100%| E|CS|TAMS 0x00000007c8900000, 0x00000007c8900000| Complete 
| 138|0x00000007c8a00000, 0x00000007c8b00000, 0x00000007c8b00000|100%| E|CS|TAMS 0x00000007c8a00000, 0x00000007c8a00000| Complete 
| 139|0x00000007c8b00000, 0x00000007c8c00000, 0x00000007c8c00000|100%| E|CS|TAMS 0x00000007c8b00000, 0x00000007c8b00000| Complete 
| 140|0x00000007c8c00000, 0x00000007c8d00000, 0x00000007c8d00000|100%| E|CS|TAMS 0x00000007c8c00000, 0x00000007c8c00000| Complete 
| 141|0x00000007c8d00000, 0x00000007c8e00000, 0x00000007c8e00000|100%| E|CS|TAMS 0x00000007c8d00000, 0x00000007c8d00000| Complete 
| 142|0x00000007c8e00000, 0x00000007c8f00000, 0x00000007c8f00000|100%| E|CS|TAMS 0x00000007c8e00000, 0x00000007c8e00000| Complete 
| 143|0x00000007c8f00000, 0x00000007c9000000, 0x00000007c9000000|100%| E|CS|TAMS 0x00000007c8f00000, 0x00000007c8f00000| Complete 
| 144|0x00000007c9000000, 0x00000007c9100000, 0x00000007c9100000|100%| E|CS|TAMS 0x00000007c9000000, 0x00000007c9000000| Complete 
| 145|0x00000007c9100000, 0x00000007c9200000, 0x00000007c9200000|100%| E|CS|TAMS 0x00000007c9100000, 0x00000007c9100000| Complete 
| 146|0x00000007c9200000, 0x00000007c9300000, 0x00000007c9300000|100%| E|CS|TAMS 0x00000007c9200000, 0x00000007c9200000| Complete 
| 147|0x00000007c9300000, 0x00000007c9400000, 0x00000007c9400000|100%| E|CS|TAMS 0x00000007c9300000, 0x00000007c9300000| Complete 
| 148|0x00000007c9400000, 0x00000007c9500000, 0x00000007c9500000|100%| E|CS|TAMS 0x00000007c9400000, 0x00000007c9400000| Complete 
| 149|0x00000007c9500000, 0x00000007c9600000, 0x00000007c9600000|100%| E|CS|TAMS 0x00000007c9500000, 0x00000007c9500000| Complete 
| 150|0x00000007c9600000, 0x00000007c9700000, 0x00000007c9700000|100%| E|CS|TAMS 0x00000007c9600000, 0x00000007c9600000| Complete 
| 151|0x00000007c9700000, 0x00000007c9800000, 0x00000007c9800000|100%| E|CS|TAMS 0x00000007c9700000, 0x00000007c9700000| Complete 
| 152|0x00000007c9800000, 0x00000007c9900000, 0x00000007c9900000|100%| E|CS|TAMS 0x00000007c9800000, 0x00000007c9800000| Complete 
| 153|0x00000007c9900000, 0x00000007c9a00000, 0x00000007c9a00000|100%| E|CS|TAMS 0x00000007c9900000, 0x00000007c9900000| Complete 
| 154|0x00000007c9a00000, 0x00000007c9b00000, 0x00000007c9b00000|100%| E|CS|TAMS 0x00000007c9a00000, 0x00000007c9a00000| Complete 
| 155|0x00000007c9b00000, 0x00000007c9c00000, 0x00000007c9c00000|100%| E|CS|TAMS 0x00000007c9b00000, 0x00000007c9b00000| Complete 
| 156|0x00000007c9c00000, 0x00000007c9d00000, 0x00000007c9d00000|100%| E|CS|TAMS 0x00000007c9c00000, 0x00000007c9c00000| Complete 
| 157|0x00000007c9d00000, 0x00000007c9e00000, 0x00000007c9e00000|100%| E|CS|TAMS 0x00000007c9d00000, 0x00000007c9d00000| Complete 
| 158|0x00000007c9e00000, 0x00000007c9f00000, 0x00000007c9f00000|100%| E|CS|TAMS 0x00000007c9e00000, 0x00000007c9e00000| Complete 
| 159|0x00000007c9f00000, 0x00000007ca000000, 0x00000007ca000000|100%| E|CS|TAMS 0x00000007c9f00000, 0x00000007c9f00000| Complete 
| 160|0x00000007ca000000, 0x00000007ca100000, 0x00000007ca100000|100%| E|CS|TAMS 0x00000007ca000000, 0x00000007ca000000| Complete 
| 161|0x00000007ca100000, 0x00000007ca200000, 0x00000007ca200000|100%| E|CS|TAMS 0x00000007ca100000, 0x00000007ca100000| Complete 
| 162|0x00000007ca200000, 0x00000007ca300000, 0x00000007ca300000|100%| E|CS|TAMS 0x00000007ca200000, 0x00000007ca200000| Complete 
| 163|0x00000007ca300000, 0x00000007ca400000, 0x00000007ca400000|100%| E|CS|TAMS 0x00000007ca300000, 0x00000007ca300000| Complete 
| 164|0x00000007ca400000, 0x00000007ca500000, 0x00000007ca500000|100%| E|CS|TAMS 0x00000007ca400000, 0x00000007ca400000| Complete 
| 165|0x00000007ca500000, 0x00000007ca600000, 0x00000007ca600000|100%| E|CS|TAMS 0x00000007ca500000, 0x00000007ca500000| Complete 
| 166|0x00000007ca600000, 0x00000007ca700000, 0x00000007ca700000|100%| E|CS|TAMS 0x00000007ca600000, 0x00000007ca600000| Complete 
| 167|0x00000007ca700000, 0x00000007ca800000, 0x00000007ca800000|100%| E|CS|TAMS 0x00000007ca700000, 0x00000007ca700000| Complete 
| 168|0x00000007ca800000, 0x00000007ca900000, 0x00000007ca900000|100%| E|CS|TAMS 0x00000007ca800000, 0x00000007ca800000| Complete 
| 169|0x00000007ca900000, 0x00000007caa00000, 0x00000007caa00000|100%| E|CS|TAMS 0x00000007ca900000, 0x00000007ca900000| Complete 
| 170|0x00000007caa00000, 0x00000007cab00000, 0x00000007cab00000|100%| E|CS|TAMS 0x00000007caa00000, 0x00000007caa00000| Complete 
| 171|0x00000007cab00000, 0x00000007cac00000, 0x00000007cac00000|100%| E|CS|TAMS 0x00000007cab00000, 0x00000007cab00000| Complete 
| 172|0x00000007cac00000, 0x00000007cad00000, 0x00000007cad00000|100%| E|CS|TAMS 0x00000007cac00000, 0x00000007cac00000| Complete 
| 173|0x00000007cad00000, 0x00000007cae00000, 0x00000007cae00000|100%| E|CS|TAMS 0x00000007cad00000, 0x00000007cad00000| Complete 
| 174|0x00000007cae00000, 0x00000007caf00000, 0x00000007caf00000|100%| E|CS|TAMS 0x00000007cae00000, 0x00000007cae00000| Complete 
| 175|0x00000007caf00000, 0x00000007cb000000, 0x00000007cb000000|100%| E|CS|TAMS 0x00000007caf00000, 0x00000007caf00000| Complete 
| 176|0x00000007cb000000, 0x00000007cb100000, 0x00000007cb100000|100%| E|CS|TAMS 0x00000007cb000000, 0x00000007cb000000| Complete 
| 177|0x00000007cb100000, 0x00000007cb200000, 0x00000007cb200000|100%| E|CS|TAMS 0x00000007cb100000, 0x00000007cb100000| Complete 
| 178|0x00000007cb200000, 0x00000007cb300000, 0x00000007cb300000|100%| E|CS|TAMS 0x00000007cb200000, 0x00000007cb200000| Complete 
| 179|0x00000007cb300000, 0x00000007cb400000, 0x00000007cb400000|100%| E|CS|TAMS 0x00000007cb300000, 0x00000007cb300000| Complete 
| 180|0x00000007cb400000, 0x00000007cb500000, 0x00000007cb500000|100%| E|CS|TAMS 0x00000007cb400000, 0x00000007cb400000| Complete 
| 181|0x00000007cb500000, 0x00000007cb600000, 0x00000007cb600000|100%| E|CS|TAMS 0x00000007cb500000, 0x00000007cb500000| Complete 
| 182|0x00000007cb600000, 0x00000007cb700000, 0x00000007cb700000|100%| E|CS|TAMS 0x00000007cb600000, 0x00000007cb600000| Complete 
| 183|0x00000007cb700000, 0x00000007cb800000, 0x00000007cb800000|100%| E|CS|TAMS 0x00000007cb700000, 0x00000007cb700000| Complete 
| 184|0x00000007cb800000, 0x00000007cb900000, 0x00000007cb900000|100%| E|CS|TAMS 0x00000007cb800000, 0x00000007cb800000| Complete 
| 185|0x00000007cb900000, 0x00000007cba00000, 0x00000007cba00000|100%| E|CS|TAMS 0x00000007cb900000, 0x00000007cb900000| Complete 
| 186|0x00000007cba00000, 0x00000007cbb00000, 0x00000007cbb00000|100%| E|CS|TAMS 0x00000007cba00000, 0x00000007cba00000| Complete 
| 187|0x00000007cbb00000, 0x00000007cbc00000, 0x00000007cbc00000|100%| E|CS|TAMS 0x00000007cbb00000, 0x00000007cbb00000| Complete 
| 188|0x00000007cbc00000, 0x00000007cbd00000, 0x00000007cbd00000|100%| E|CS|TAMS 0x00000007cbc00000, 0x00000007cbc00000| Complete 
| 189|0x00000007cbd00000, 0x00000007cbe00000, 0x00000007cbe00000|100%| E|CS|TAMS 0x00000007cbd00000, 0x00000007cbd00000| Complete 
| 190|0x00000007cbe00000, 0x00000007cbf00000, 0x00000007cbf00000|100%| E|CS|TAMS 0x00000007cbe00000, 0x00000007cbe00000| Complete 
| 191|0x00000007cbf00000, 0x00000007cc000000, 0x00000007cc000000|100%| E|CS|TAMS 0x00000007cbf00000, 0x00000007cbf00000| Complete 
| 192|0x00000007cc000000, 0x00000007cc100000, 0x00000007cc100000|100%| E|CS|TAMS 0x00000007cc000000, 0x00000007cc000000| Complete 
| 193|0x00000007cc100000, 0x00000007cc200000, 0x00000007cc200000|100%| E|CS|TAMS 0x00000007cc100000, 0x00000007cc100000| Complete 
| 194|0x00000007cc200000, 0x00000007cc300000, 0x00000007cc300000|100%| E|CS|TAMS 0x00000007cc200000, 0x00000007cc200000| Complete 
| 195|0x00000007cc300000, 0x00000007cc400000, 0x00000007cc400000|100%| E|CS|TAMS 0x00000007cc300000, 0x00000007cc300000| Complete 
| 196|0x00000007cc400000, 0x00000007cc500000, 0x00000007cc500000|100%| E|CS|TAMS 0x00000007cc400000, 0x00000007cc400000| Complete 
| 197|0x00000007cc500000, 0x00000007cc600000, 0x00000007cc600000|100%| E|CS|TAMS 0x00000007cc500000, 0x00000007cc500000| Complete 
| 198|0x00000007cc600000, 0x00000007cc700000, 0x00000007cc700000|100%| E|CS|TAMS 0x00000007cc600000, 0x00000007cc600000| Complete 
| 199|0x00000007cc700000, 0x00000007cc800000, 0x00000007cc800000|100%| E|CS|TAMS 0x00000007cc700000, 0x00000007cc700000| Complete 
| 200|0x00000007cc800000, 0x00000007cc900000, 0x00000007cc900000|100%| E|CS|TAMS 0x00000007cc800000, 0x00000007cc800000| Complete 
| 201|0x00000007cc900000, 0x00000007cca00000, 0x00000007cca00000|100%| E|CS|TAMS 0x00000007cc900000, 0x00000007cc900000| Complete 
| 202|0x00000007cca00000, 0x00000007ccb00000, 0x00000007ccb00000|100%| E|CS|TAMS 0x00000007cca00000, 0x00000007cca00000| Complete 
| 203|0x00000007ccb00000, 0x00000007ccc00000, 0x00000007ccc00000|100%| E|CS|TAMS 0x00000007ccb00000, 0x00000007ccb00000| Complete 
| 204|0x00000007ccc00000, 0x00000007ccd00000, 0x00000007ccd00000|100%| E|CS|TAMS 0x00000007ccc00000, 0x00000007ccc00000| Complete 
| 205|0x00000007ccd00000, 0x00000007cce00000, 0x00000007cce00000|100%| E|CS|TAMS 0x00000007ccd00000, 0x00000007ccd00000| Complete 
| 206|0x00000007cce00000, 0x00000007ccf00000, 0x00000007ccf00000|100%| E|CS|TAMS 0x00000007cce00000, 0x00000007cce00000| Complete 
| 207|0x00000007ccf00000, 0x00000007cd000000, 0x00000007cd000000|100%| E|CS|TAMS 0x00000007ccf00000, 0x00000007ccf00000| Complete 
| 208|0x00000007cd000000, 0x00000007cd100000, 0x00000007cd100000|100%| E|CS|TAMS 0x00000007cd000000, 0x00000007cd000000| Complete 
| 209|0x00000007cd100000, 0x00000007cd200000, 0x00000007cd200000|100%| E|CS|TAMS 0x00000007cd100000, 0x00000007cd100000| Complete 
| 210|0x00000007cd200000, 0x00000007cd300000, 0x00000007cd300000|100%| E|CS|TAMS 0x00000007cd200000, 0x00000007cd200000| Complete 
| 211|0x00000007cd300000, 0x00000007cd400000, 0x00000007cd400000|100%| E|CS|TAMS 0x00000007cd300000, 0x00000007cd300000| Complete 
| 212|0x00000007cd400000, 0x00000007cd500000, 0x00000007cd500000|100%| E|CS|TAMS 0x00000007cd400000, 0x00000007cd400000| Complete 
| 213|0x00000007cd500000, 0x00000007cd600000, 0x00000007cd600000|100%| E|CS|TAMS 0x00000007cd500000, 0x00000007cd500000| Complete 
| 214|0x00000007cd600000, 0x00000007cd700000, 0x00000007cd700000|100%| E|CS|TAMS 0x00000007cd600000, 0x00000007cd600000| Complete 
| 215|0x00000007cd700000, 0x00000007cd800000, 0x00000007cd800000|100%| E|CS|TAMS 0x00000007cd700000, 0x00000007cd700000| Complete 
| 216|0x00000007cd800000, 0x00000007cd900000, 0x00000007cd900000|100%| E|CS|TAMS 0x00000007cd800000, 0x00000007cd800000| Complete 
| 217|0x00000007cd900000, 0x00000007cda00000, 0x00000007cda00000|100%| E|CS|TAMS 0x00000007cd900000, 0x00000007cd900000| Complete 
| 218|0x00000007cda00000, 0x00000007cdb00000, 0x00000007cdb00000|100%| E|CS|TAMS 0x00000007cda00000, 0x00000007cda00000| Complete 
| 219|0x00000007cdb00000, 0x00000007cdc00000, 0x00000007cdc00000|100%| E|CS|TAMS 0x00000007cdb00000, 0x00000007cdb00000| Complete 
| 220|0x00000007cdc00000, 0x00000007cdd00000, 0x00000007cdd00000|100%| E|CS|TAMS 0x00000007cdc00000, 0x00000007cdc00000| Complete 
| 221|0x00000007cdd00000, 0x00000007cde00000, 0x00000007cde00000|100%| E|CS|TAMS 0x00000007cdd00000, 0x00000007cdd00000| Complete 
| 222|0x00000007cde00000, 0x00000007cdf00000, 0x00000007cdf00000|100%| E|CS|TAMS 0x00000007cde00000, 0x00000007cde00000| Complete 
| 223|0x00000007cdf00000, 0x00000007ce000000, 0x00000007ce000000|100%| E|CS|TAMS 0x00000007cdf00000, 0x00000007cdf00000| Complete 
| 224|0x00000007ce000000, 0x00000007ce100000, 0x00000007ce100000|100%| E|CS|TAMS 0x00000007ce000000, 0x00000007ce000000| Complete 
| 225|0x00000007ce100000, 0x00000007ce200000, 0x00000007ce200000|100%| E|CS|TAMS 0x00000007ce100000, 0x00000007ce100000| Complete 
| 226|0x00000007ce200000, 0x00000007ce300000, 0x00000007ce300000|100%| E|CS|TAMS 0x00000007ce200000, 0x00000007ce200000| Complete 
| 227|0x00000007ce300000, 0x00000007ce400000, 0x00000007ce400000|100%| E|CS|TAMS 0x00000007ce300000, 0x00000007ce300000| Complete 
| 228|0x00000007ce400000, 0x00000007ce500000, 0x00000007ce500000|100%| E|CS|TAMS 0x00000007ce400000, 0x00000007ce400000| Complete 
| 229|0x00000007ce500000, 0x00000007ce600000, 0x00000007ce600000|100%| E|CS|TAMS 0x00000007ce500000, 0x00000007ce500000| Complete 
| 230|0x00000007ce600000, 0x00000007ce700000, 0x00000007ce700000|100%| E|CS|TAMS 0x00000007ce600000, 0x00000007ce600000| Complete 
| 234|0x00000007cea00000, 0x00000007ceb00000, 0x00000007ceb00000|100%| E|CS|TAMS 0x00000007cea00000, 0x00000007cea00000| Complete 
|1022|0x00000007ffe00000, 0x00000007ffe48000, 0x00000007fff00000| 28%|OA|  |TAMS 0x00000007ffe48000, 0x00000007ffe00000| Untracked 
|1023|0x00000007fff00000, 0x00000007fff77000, 0x0000000800000000| 46%|CA|  |TAMS 0x00000007fff77000, 0x00000007fff00000| Untracked 

Card table byte_map: [0x000000013a445000,0x000000013a645000] _byte_map_base: 0x0000000136645000

Marking Bits (Prev, Next): (CMBitMap*) 0x00007fbf6e760658, (CMBitMap*) 0x00007fbf6e760618
 Prev Bits: [0x000000015588e000, 0x000000015688e000)
 Next Bits: [0x000000015488e000, 0x000000015588e000)

Polling page: 0x0000000109450000

Metaspace:

Usage:
  Non-class:     10.38 MB capacity,     9.05 MB ( 87%) used,     1.30 MB ( 13%) free+waste,    40.81 KB ( <1%) overhead. 
      Class:      1.96 MB capacity,     1.66 MB ( 84%) used,   291.60 KB ( 15%) free+waste,    21.44 KB (  1%) overhead. 
       Both:     12.35 MB capacity,    10.70 MB ( 87%) used,     1.58 MB ( 13%) free+waste,    62.25 KB ( <1%) overhead. 

Virtual space:
  Non-class space:       12.00 MB reserved,      10.50 MB ( 88%) committed 
      Class space:        1.00 GB reserved,       2.00 MB ( <1%) committed 
             Both:        1.01 GB reserved,      12.50 MB (  1%) committed 

Chunk freelists:
   Non-Class:  34.00 KB
       Class:  20.00 KB
        Both:  54.00 KB

MaxMetaspaceSize: unlimited
CompressedClassSpaceSize: 1.00 GB

CodeHeap 'non-profiled nmethods': size=120028Kb used=2563Kb max_used=2836Kb free=117465Kb
 bounds [0x000000014d357000, 0x000000014d637000, 0x000000015488e000]
CodeHeap 'profiled nmethods': size=120028Kb used=3888Kb max_used=6872Kb free=116139Kb
 bounds [0x0000000145e20000, 0x00000001464e0000, 0x000000014d357000]
CodeHeap 'non-nmethods': size=5704Kb used=1168Kb max_used=1265Kb free=4535Kb
 bounds [0x000000014588e000, 0x0000000145afe000, 0x0000000145e20000]
 total_blobs=6325 nmethods=2849 adapters=320
 compilation: enabled
              stopped_count=0, restarted_count=0
 full_count=0

Compilation events (20 events):
Event: 403.096 Thread 0x00007fbf6f77d000 3923   !   3       java.lang.ref.Reference::processPendingReferences (132 bytes)
Event: 403.097 Thread 0x00007fbf6f77d000 nmethod 3923 0x0000000146075e10 code [0x00000001460760e0, 0x0000000146077278]
Event: 404.152 Thread 0x00007fbf6f77d000 3926       3       org.jpype.ref.JPypeReferenceQueue::addSentinel (18 bytes)
Event: 404.152 Thread 0x00007fbf6f77d000 nmethod 3926 0x0000000145f80290 code [0x0000000145f80460, 0x0000000145f809f0]
Event: 404.152 Thread 0x00007fbf6f77d000 3927       3       org.jpype.ref.JPypeReference::<init> (18 bytes)
Event: 404.153 Thread 0x00007fbf6f77d000 nmethod 3927 0x0000000145e7b010 code [0x0000000145e7b1c0, 0x0000000145e7b570]
Event: 411.885 Thread 0x00007fbf6f108000 3929       4       java.util.TimSort::mergeHi (732 bytes)
Event: 411.920 Thread 0x00007fbf6f108000 nmethod 3929 0x000000014d5d2010 code [0x000000014d5d2260, 0x000000014d5d4250]
Event: 586.572 Thread 0x00007fbf6f108000 3930       4       java.lang.ref.ReferenceQueue::reallyPoll (65 bytes)
Event: 586.577 Thread 0x00007fbf6f108000 nmethod 3930 0x000000014d3ec510 code [0x000000014d3ec6a0, 0x000000014d3ec9f8]
Event: 1297.240 Thread 0x00007fbf6f108000 3931   !   4       java.lang.ref.ReferenceQueue::remove (125 bytes)
Event: 1297.253 Thread 0x00007fbf6f108000 nmethod 3931 0x000000014d45da10 code [0x000000014d45dbc0, 0x000000014d45e828]
Event: 1993.044 Thread 0x00007fbf6f77d000 3932   !   3       jdk.internal.ref.PhantomCleanable::isListEmpty (34 bytes)
Event: 1993.045 Thread 0x00007fbf6f77d000 nmethod 3932 0x0000000145e3c910 code [0x0000000145e3cac0, 0x0000000145e3ce70]
Event: 1993.045 Thread 0x00007fbf6f77d000 3933       3       jdk.internal.misc.InnocuousThread::eraseThreadLocals (23 bytes)
Event: 1993.045 Thread 0x00007fbf6f77d000 nmethod 3933 0x0000000145e56110 code [0x0000000145e562c0, 0x0000000145e56530]
Event: 15316.385 Thread 0x00007fbf6f77d000 3934 % !   3       org.jpype.ref.JPypeReferenceQueue$Worker::run @ 0 (120 bytes)
Event: 15316.478 Thread 0x00007fbf6f77d000 nmethod 3934% 0x0000000145f33f10 code [0x0000000145f34180, 0x0000000145f34df8]
Event: 15575.360 Thread 0x00007fbf6f77d000 3935   !   3       org.jpype.ref.JPypeReferenceQueue$Worker::run (120 bytes)
Event: 15575.367 Thread 0x00007fbf6f77d000 nmethod 3935 0x0000000146302710 code [0x0000000146302960, 0x0000000146303598]

GC Heap History (20 events):
Event: 442.073 GC heap before
{Heap before GC invocations=414 (full 12):
 garbage-first heap   total 239616K, used 208430K [0x00000007c0000000, 0x0000000800000000)
  region size 1024K, 127 young (130048K), 1 survivors (1024K)
 Metaspace       used 10953K, capacity 12642K, committed 12800K, reserved 1060864K
  class space    used 1694K, capacity 2008K, committed 2048K, reserved 1048576K
}
Event: 442.073 GC heap after
{Heap after GC invocations=415 (full 12):
 garbage-first heap   total 239616K, used 79398K [0x00000007c0000000, 0x0000000800000000)
  region size 1024K, 1 young (1024K), 1 survivors (1024K)
 Metaspace       used 10953K, capacity 12642K, committed 12800K, reserved 1060864K
  class space    used 1694K, capacity 2008K, committed 2048K, reserved 1048576K
}
Event: 442.334 GC heap before
{Heap before GC invocations=415 (full 12):
 garbage-first heap   total 239616K, used 208422K [0x00000007c0000000, 0x0000000800000000)
  region size 1024K, 127 young (130048K), 1 survivors (1024K)
 Metaspace       used 10953K, capacity 12642K, committed 12800K, reserved 1060864K
  class space    used 1694K, capacity 2008K, committed 2048K, reserved 1048576K
}
Event: 442.334 GC heap after
{Heap after GC invocations=416 (full 12):
 garbage-first heap   total 239616K, used 79404K [0x00000007c0000000, 0x0000000800000000)
  region size 1024K, 1 young (1024K), 1 survivors (1024K)
 Metaspace       used 10953K, capacity 12642K, committed 12800K, reserved 1060864K
  class space    used 1694K, capacity 2008K, committed 2048K, reserved 1048576K
}
Event: 442.572 GC heap before
{Heap before GC invocations=416 (full 12):
 garbage-first heap   total 239616K, used 208428K [0x00000007c0000000, 0x0000000800000000)
  region size 1024K, 127 young (130048K), 1 survivors (1024K)
 Metaspace       used 10953K, capacity 12642K, committed 12800K, reserved 1060864K
  class space    used 1694K, capacity 2008K, committed 2048K, reserved 1048576K
}
Event: 442.573 GC heap after
{Heap after GC invocations=417 (full 12):
 garbage-first heap   total 239616K, used 79440K [0x00000007c0000000, 0x0000000800000000)
  region size 1024K, 1 young (1024K), 1 survivors (1024K)
 Metaspace       used 10953K, capacity 12642K, committed 12800K, reserved 1060864K
  class space    used 1694K, capacity 2008K, committed 2048K, reserved 1048576K
}
Event: 442.819 GC heap before
{Heap before GC invocations=417 (full 12):
 garbage-first heap   total 239616K, used 208464K [0x00000007c0000000, 0x0000000800000000)
  region size 1024K, 127 young (130048K), 1 survivors (1024K)
 Metaspace       used 10953K, capacity 12642K, committed 12800K, reserved 1060864K
  class space    used 1694K, capacity 2008K, committed 2048K, reserved 1048576K
}
Event: 442.819 GC heap after
{Heap after GC invocations=418 (full 12):
 garbage-first heap   total 239616K, used 79398K [0x00000007c0000000, 0x0000000800000000)
  region size 1024K, 1 young (1024K), 1 survivors (1024K)
 Metaspace       used 10953K, capacity 12642K, committed 12800K, reserved 1060864K
  class space    used 1694K, capacity 2008K, committed 2048K, reserved 1048576K
}
Event: 443.075 GC heap before
{Heap before GC invocations=418 (full 12):
 garbage-first heap   total 239616K, used 208422K [0x00000007c0000000, 0x0000000800000000)
  region size 1024K, 127 young (130048K), 1 survivors (1024K)
 Metaspace       used 10953K, capacity 12642K, committed 12800K, reserved 1060864K
  class space    used 1694K, capacity 2008K, committed 2048K, reserved 1048576K
}
Event: 443.075 GC heap after
{Heap after GC invocations=419 (full 12):
 garbage-first heap   total 239616K, used 79406K [0x00000007c0000000, 0x0000000800000000)
  region size 1024K, 1 young (1024K), 1 survivors (1024K)
 Metaspace       used 10953K, capacity 12642K, committed 12800K, reserved 1060864K
  class space    used 1694K, capacity 2008K, committed 2048K, reserved 1048576K
}
Event: 443.321 GC heap before
{Heap before GC invocations=419 (full 12):
 garbage-first heap   total 239616K, used 208430K [0x00000007c0000000, 0x0000000800000000)
  region size 1024K, 127 young (130048K), 1 survivors (1024K)
 Metaspace       used 10953K, capacity 12642K, committed 12800K, reserved 1060864K
  class space    used 1694K, capacity 2008K, committed 2048K, reserved 1048576K
}
Event: 443.321 GC heap after
{Heap after GC invocations=420 (full 12):
 garbage-first heap   total 239616K, used 79410K [0x00000007c0000000, 0x0000000800000000)
  region size 1024K, 1 young (1024K), 1 survivors (1024K)
 Metaspace       used 10953K, capacity 12642K, committed 12800K, reserved 1060864K
  class space    used 1694K, capacity 2008K, committed 2048K, reserved 1048576K
}
Event: 443.578 GC heap before
{Heap before GC invocations=420 (full 12):
 garbage-first heap   total 239616K, used 208434K [0x00000007c0000000, 0x0000000800000000)
  region size 1024K, 127 young (130048K), 1 survivors (1024K)
 Metaspace       used 10953K, capacity 12642K, committed 12800K, reserved 1060864K
  class space    used 1694K, capacity 2008K, committed 2048K, reserved 1048576K
}
Event: 443.578 GC heap after
{Heap after GC invocations=421 (full 12):
 garbage-first heap   total 239616K, used 79404K [0x00000007c0000000, 0x0000000800000000)
  region size 1024K, 1 young (1024K), 1 survivors (1024K)
 Metaspace       used 10953K, capacity 12642K, committed 12800K, reserved 1060864K
  class space    used 1694K, capacity 2008K, committed 2048K, reserved 1048576K
}
Event: 443.836 GC heap before
{Heap before GC invocations=421 (full 12):
 garbage-first heap   total 239616K, used 208428K [0x00000007c0000000, 0x0000000800000000)
  region size 1024K, 127 young (130048K), 1 survivors (1024K)
 Metaspace       used 10953K, capacity 12642K, committed 12800K, reserved 1060864K
  class space    used 1694K, capacity 2008K, committed 2048K, reserved 1048576K
}
Event: 443.837 GC heap after
{Heap after GC invocations=422 (full 12):
 garbage-first heap   total 239616K, used 79402K [0x00000007c0000000, 0x0000000800000000)
  region size 1024K, 1 young (1024K), 1 survivors (1024K)
 Metaspace       used 10953K, capacity 12642K, committed 12800K, reserved 1060864K
  class space    used 1694K, capacity 2008K, committed 2048K, reserved 1048576K
}
Event: 444.089 GC heap before
{Heap before GC invocations=422 (full 12):
 garbage-first heap   total 239616K, used 208426K [0x00000007c0000000, 0x0000000800000000)
  region size 1024K, 127 young (130048K), 1 survivors (1024K)
 Metaspace       used 10953K, capacity 12642K, committed 12800K, reserved 1060864K
  class space    used 1694K, capacity 2008K, committed 2048K, reserved 1048576K
}
Event: 444.089 GC heap after
{Heap after GC invocations=423 (full 12):
 garbage-first heap   total 239616K, used 79406K [0x00000007c0000000, 0x0000000800000000)
  region size 1024K, 1 young (1024K), 1 survivors (1024K)
 Metaspace       used 10953K, capacity 12642K, committed 12800K, reserved 1060864K
  class space    used 1694K, capacity 2008K, committed 2048K, reserved 1048576K
}
Event: 444.374 GC heap before
{Heap before GC invocations=423 (full 12):
 garbage-first heap   total 239616K, used 208430K [0x00000007c0000000, 0x0000000800000000)
  region size 1024K, 127 young (130048K), 1 survivors (1024K)
 Metaspace       used 10953K, capacity 12642K, committed 12800K, reserved 1060864K
  class space    used 1694K, capacity 2008K, committed 2048K, reserved 1048576K
}
Event: 444.374 GC heap after
{Heap after GC invocations=424 (full 12):
 garbage-first heap   total 239616K, used 79440K [0x00000007c0000000, 0x0000000800000000)
  region size 1024K, 1 young (1024K), 1 survivors (1024K)
 Metaspace       used 10953K, capacity 12642K, committed 12800K, reserved 1060864K
  class space    used 1694K, capacity 2008K, committed 2048K, reserved 1048576K
}

Deoptimization events (20 events):
Event: 24.017 Thread 0x00007fbf72150000 Uncommon trap: trap_request=0xffffff45 fr.pc=0x000000014d421814 relative=0x0000000000002754
Event: 24.017 Thread 0x00007fbf72150000 Uncommon trap: reason=unstable_if action=reinterpret pc=0x000000014d421814 method=org.openkoreantext.processor.util.KoreanSubstantive$.isName(Ljava/lang/CharSequence;)Z @ 49 c2
Event: 24.017 Thread 0x00007fbf72150000 DEOPT PACKING pc=0x000000014d421814 sp=0x00007ff7b6bda180
Event: 24.017 Thread 0x00007fbf72150000 DEOPT UNPACKING pc=0x00000001458d6e25 sp=0x00007ff7b6bda158 mode 2
Event: 46.163 Thread 0x00007fbf72150000 Uncommon trap: trap_request=0xffffffc6 fr.pc=0x000000014d5da6b8 relative=0x0000000000000578
Event: 46.163 Thread 0x00007fbf72150000 Uncommon trap: reason=bimorphic_or_optimized_type_check action=maybe_recompile pc=0x000000014d5da6b8 method=scala.collection.immutable.HashMap$HashTrieMap.get0(Ljava/lang/Object;II)Lscala/Option; @ 28 c2
Event: 46.163 Thread 0x00007fbf72150000 DEOPT PACKING pc=0x000000014d5da6b8 sp=0x00007ff7b6bda640
Event: 46.163 Thread 0x00007fbf72150000 DEOPT UNPACKING pc=0x00000001458d6e25 sp=0x00007ff7b6bda5c0 mode 2
Event: 64.282 Thread 0x00007fbf72150000 Uncommon trap: trap_request=0xffffff45 fr.pc=0x000000014d564574 relative=0x0000000000001b14
Event: 64.282 Thread 0x00007fbf72150000 Uncommon trap: reason=unstable_if action=reinterpret pc=0x000000014d564574 method=java.util.TimSort.mergeHi(IIII)V @ 554 c2
Event: 64.282 Thread 0x00007fbf72150000 DEOPT PACKING pc=0x000000014d564574 sp=0x00007ff7b6bda240
Event: 64.282 Thread 0x00007fbf72150000 DEOPT UNPACKING pc=0x00000001458d6e25 sp=0x00007ff7b6bda208 mode 2
Event: 425.448 Thread 0x00007fbf72150000 Uncommon trap: trap_request=0xffffffc6 fr.pc=0x000000014d5da6b8 relative=0x0000000000000578
Event: 425.448 Thread 0x00007fbf72150000 Uncommon trap: reason=bimorphic_or_optimized_type_check action=maybe_recompile pc=0x000000014d5da6b8 method=scala.collection.immutable.HashMap$HashTrieMap.get0(Ljava/lang/Object;II)Lscala/Option; @ 28 c2
Event: 425.448 Thread 0x00007fbf72150000 DEOPT PACKING pc=0x000000014d5da6b8 sp=0x00007ff7b6bda640
Event: 425.448 Thread 0x00007fbf72150000 DEOPT UNPACKING pc=0x00000001458d6e25 sp=0x00007ff7b6bda5c0 mode 2
Event: 17391.032 Thread 0x00007fbf6f7ff000 DEOPT PACKING pc=0x0000000145f34c19 sp=0x0000700013a519b0
Event: 17391.038 Thread 0x00007fbf6f7ff000 DEOPT UNPACKING pc=0x00000001458d733a sp=0x0000700013a50f28 mode 0
Event: 19467.297 Thread 0x00007fbf6f7ff000 DEOPT PACKING pc=0x0000000145f34c19 sp=0x0000700013a519b0
Event: 19467.298 Thread 0x00007fbf6f7ff000 DEOPT UNPACKING pc=0x00000001458d733a sp=0x0000700013a50f28 mode 0

Classes unloaded (0 events):
No events

Classes redefined (0 events):
No events

Internal exceptions (20 events):
Event: 0.391 Thread 0x00007fbf72150000 Exception <a 'java/lang/NoSuchMethodError'{0x00000007cfeff860}: 'int java.lang.invoke.DirectMethodHandle$Holder.invokeStaticInit(java.lang.Object, java.lang.Object)'> (0x00000007cfeff860) 
thrown [/private/tmp/openjdk-20200206-75669-1lx9p0o/jdk13u-jdk-13.0.2+8/src/hotspot/share/interpreter/linkResolver.cpp, line 767]
Event: 0.392 Thread 0x00007fbf72150000 Exception <a 'java/lang/NoSuchMethodError'{0x00000007cfd058d0}: 'java.lang.Object java.lang.invoke.DirectMethodHandle$Holder.invokeStaticInit(java.lang.Object, int)'> (0x00000007cfd058d0) 
thrown [/private/tmp/openjdk-20200206-75669-1lx9p0o/jdk13u-jdk-13.0.2+8/src/hotspot/share/interpreter/linkResolver.cpp, line 767]
Event: 0.409 Thread 0x00007fbf72150000 Exception <a 'java/lang/NoSuchMethodError'{0x00000007cfd79368}: 'java.lang.Object java.lang.invoke.DirectMethodHandle$Holder.invokeStatic(java.lang.Object, int, java.lang.Object, java.lang.Object, java.lang.Object)'> (0x00000007cfd79368) 
thrown [/private/tmp/openjdk-20200206-75669-1lx9p0o/jdk13u-jdk-13.0.2+8/src/hotspot/share/interpreter/linkResolver.cpp, line 767]
Event: 0.452 Thread 0x00007fbf72150000 Exception <a 'java/lang/IncompatibleClassChangeError'{0x00000007cfc53300}: Found class java.lang.Object, but interface was expected> (0x00000007cfc53300) 
thrown [/private/tmp/openjdk-20200206-75669-1lx9p0o/jdk13u-jdk-13.0.2+8/src/hotspot/share/interpreter/linkResolver.cpp, line 833]
Event: 1.394 Thread 0x00007fbf72150000 Exception <a 'java/lang/NoSuchMethodError'{0x00000007c87cb778}: 'java.lang.Object java.lang.invoke.DirectMethodHandle$Holder.invokeStaticInit(java.lang.Object, java.lang.Object, java.lang.Object)'> (0x00000007c87cb778) 
thrown [/private/tmp/openjdk-20200206-75669-1lx9p0o/jdk13u-jdk-13.0.2+8/src/hotspot/share/interpreter/linkResolver.cpp, line 767]
Event: 1.454 Thread 0x00007fbf72150000 Exception <a 'java/lang/NoSuchMethodError'{0x00000007c176cbd0}: 'int java.lang.invoke.DirectMethodHandle$Holder.invokeSpecialIFC(java.lang.Object, java.lang.Object, int)'> (0x00000007c176cbd0) 
thrown [/private/tmp/openjdk-20200206-75669-1lx9p0o/jdk13u-jdk-13.0.2+8/src/hotspot/share/interpreter/linkResolver.cpp, line 767]
Event: 1.473 Thread 0x00007fbf72150000 Exception <a 'java/lang/NoSuchMethodError'{0x00000007c17e46a8}: 'int java.lang.invoke.DirectMethodHandle$Holder.invokeStatic(java.lang.Object, java.lang.Object, int)'> (0x00000007c17e46a8) 
thrown [/private/tmp/openjdk-20200206-75669-1lx9p0o/jdk13u-jdk-13.0.2+8/src/hotspot/share/interpreter/linkResolver.cpp, line 767]
Event: 1.504 Thread 0x00007fbf72150000 Exception <a 'java/lang/NoSuchMethodError'{0x00000007c16ff0d8}: 'java.lang.Object java.lang.invoke.DirectMethodHandle$Holder.invokeStatic(java.lang.Object, java.lang.Object, int, java.lang.Object)'> (0x00000007c16ff0d8) 
thrown [/private/tmp/openjdk-20200206-75669-1lx9p0o/jdk13u-jdk-13.0.2+8/src/hotspot/share/interpreter/linkResolver.cpp, line 767]
Event: 1.505 Thread 0x00007fbf72150000 Exception <a 'java/lang/NoSuchMethodError'{0x00000007c15054a0}: 'java.lang.Object java.lang.invoke.Invokers$Holder.linkToTargetMethod(java.lang.Object, int, java.lang.Object, java.lang.Object)'> (0x00000007c15054a0) 
thrown [/private/tmp/openjdk-20200206-75669-1lx9p0o/jdk13u-jdk-13.0.2+8/src/hotspot/share/interpreter/linkResolver.cpp, line 767]
Event: 1.529 Thread 0x00007fbf72150000 Exception <a 'java/lang/NoSuchMethodError'{0x00000007c15c6280}: 'java.lang.Object java.lang.invoke.DirectMethodHandle$Holder.invokeStaticInit(java.lang.Object, java.lang.Object, java.lang.Object, java.lang.Object)'> (0x00000007c15c6280) 
thrown [/private/tmp/openjdk-20200206-75669-1lx9p0o/jdk13u-jdk-13.0.2+8/src/hotspot/share/interpreter/linkResolver.cpp, line 767]
Event: 1.744 Thread 0x00007fbf72150000 Exception <a 'java/lang/NoSuchMethodError'{0x00000007c3ed4610}: 'java.lang.Object java.lang.invoke.Invokers$Holder.linkToTargetMethod(java.lang.Object, int, java.lang.Object)'> (0x00000007c3ed4610) 
thrown [/private/tmp/openjdk-20200206-75669-1lx9p0o/jdk13u-jdk-13.0.2+8/src/hotspot/share/interpreter/linkResolver.cpp, line 767]
Event: 1.753 Thread 0x00007fbf72150000 Exception <a 'java/lang/NoSuchMethodError'{0x00000007c3d0d138}: 'java.lang.Object java.lang.invoke.DirectMethodHandle$Holder.invokeStatic(java.lang.Object, int, int, java.lang.Object)'> (0x00000007c3d0d138) 
thrown [/private/tmp/openjdk-20200206-75669-1lx9p0o/jdk13u-jdk-13.0.2+8/src/hotspot/share/interpreter/linkResolver.cpp, line 767]
Event: 2.573 Thread 0x00007fbf72150000 Exception <a 'java/lang/NoSuchMethodError'{0x00000007c82927d0}: 'java.lang.Object java.lang.invoke.DirectMethodHandle$Holder.invokeStatic(java.lang.Object, java.lang.Object, java.lang.Object, java.lang.Object, java.lang.Object, int)'> (0x00000007c82927d0) 
thrown [/private/tmp/openjdk-20200206-75669-1lx9p0o/jdk13u-jdk-13.0.2+8/src/hotspot/share/interpreter/linkResolver.cpp, line 767]
Event: 2.574 Thread 0x00007fbf72150000 Exception <a 'java/lang/NoSuchMethodError'{0x00000007c82961a0}: 'java.lang.Object java.lang.invoke.DirectMethodHandle$Holder.invokeSpecial(java.lang.Object, java.lang.Object, java.lang.Object, java.lang.Object, java.lang.Object, java.lang.Object, int)'> (0x00000007c82961a0) 
thrown [/private/tmp/openjdk-20200206-75669-1lx9p0o/jdk13u-jdk-13.0.2+8/src/hotspot/share/interpreter/linkResolver.cpp, line 767]
Event: 2.608 Thread 0x00007fbf72150000 Exception <a 'java/lang/NoSuchMethodError'{0x00000007c814dd88}: 'java.lang.Object java.lang.invoke.DirectMethodHandle$Holder.invokeStatic(java.lang.Object, java.lang.Object, java.lang.Object, java.lang.Object, int, java.lang.Object)'> (0x00000007c814dd88) 
thrown [/private/tmp/openjdk-20200206-75669-1lx9p0o/jdk13u-jdk-13.0.2+8/src/hotspot/share/interpreter/linkResolver.cpp, line 767]
Event: 2.609 Thread 0x00007fbf72150000 Exception <a 'java/lang/NoSuchMethodError'{0x00000007c8151328}: 'java.lang.Object java.lang.invoke.DirectMethodHandle$Holder.invokeSpecial(java.lang.Object, java.lang.Object, java.lang.Object, java.lang.Object, java.lang.Object, int, java.lang.Object)'> (0x00000007c8151328) 
thrown [/private/tmp/openjdk-20200206-75669-1lx9p0o/jdk13u-jdk-13.0.2+8/src/hotspot/share/interpreter/linkResolver.cpp, line 767]
Event: 2.609 Thread 0x00007fbf72150000 Exception <a 'java/lang/NoSuchMethodError'{0x00000007c8154198}: 'java.lang.Object java.lang.invoke.Invokers$Holder.linkToTargetMethod(java.lang.Object, java.lang.Object, java.lang.Object, int, java.lang.Object, java.lang.Object)'> (0x00000007c8154198) 
thrown [/private/tmp/openjdk-20200206-75669-1lx9p0o/jdk13u-jdk-13.0.2+8/src/hotspot/share/interpreter/linkResolver.cpp, line 767]
Event: 2.629 Thread 0x00007fbf72150000 Exception <a 'java/lang/NoSuchMethodError'{0x00000007c8192d90}: 'java.lang.Object java.lang.invoke.DirectMethodHandle$Holder.invokeStaticInit(java.lang.Object, java.lang.Object, java.lang.Object, java.lang.Object, java.lang.Object)'> (0x00000007c8192d90) 
thrown [/private/tmp/openjdk-20200206-75669-1lx9p0o/jdk13u-jdk-13.0.2+8/src/hotspot/share/interpreter/linkResolver.cpp, line 767]
Event: 2.631 Thread 0x00007fbf72150000 Exception <a 'java/lang/NoSuchMethodError'{0x00000007c819de70}: 'java.lang.Object java.lang.invoke.Invokers$Holder.invoker(java.lang.Object, java.lang.Object, java.lang.Object)'> (0x00000007c819de70) 
thrown [/private/tmp/openjdk-20200206-75669-1lx9p0o/jdk13u-jdk-13.0.2+8/src/hotspot/share/interpreter/linkResolver.cpp, line 767]
Event: 2.634 Thread 0x00007fbf72150000 Exception <a 'java/lang/NoSuchMethodError'{0x00000007c81ac920}: 'void java.lang.invoke.DelegatingMethodHandle$Holder.delegate(java.lang.Object, java.lang.Object, int, java.lang.Object)'> (0x00000007c81ac920) 
thrown [/private/tmp/openjdk-20200206-75669-1lx9p0o/jdk13u-jdk-13.0.2+8/src/hotspot/share/interpreter/linkResolver.cpp, line 767]

Events (20 events):
Event: 443.578 Executing VM operation: G1CollectForAllocation done
Event: 443.836 Executing VM operation: G1CollectForAllocation
Event: 443.837 Executing VM operation: G1CollectForAllocation done
Event: 444.089 Executing VM operation: G1CollectForAllocation
Event: 444.089 Executing VM operation: G1CollectForAllocation done
Event: 444.373 Executing VM operation: G1CollectForAllocation
Event: 444.374 Executing VM operation: G1CollectForAllocation done
Event: 586.577 Executing VM operation: HandshakeAllThreads
Event: 586.577 Executing VM operation: HandshakeAllThreads done
Event: 586.578 Thread 0x00007fbf6f77e000 flushing nmethod 0x000000014d562810
Event: 586.578 Thread 0x00007fbf6f77e000 flushing nmethod 0x0000000145e3c910
Event: 586.578 Thread 0x00007fbf6f77e000 flushing nmethod 0x0000000145eaed10
Event: 586.579 Thread 0x00007fbf6f77e000 flushing nmethod 0x00000001460f1f10
Event: 1297.252 Executing VM operation: HandshakeAllThreads
Event: 1297.253 Executing VM operation: HandshakeAllThreads done
Event: 1297.255 Thread 0x00007fbf6f77e000 flushing nmethod 0x00000001460b2410
Event: 20343.052 loading class jdk/internal/misc/Signal$1
Event: 20343.068 loading class jdk/internal/misc/Signal$1 done
Event: 20343.104 Thread 0x00007fbf79056000 Thread added: 0x00007fbf79056000
Event: 20343.105 Protecting memory [0x0000700013f64000,0x0000700013f68000] with protection modes 0


Dynamic libraries:
0x0000000109a3f000 	/usr/local/Cellar/python@3.12/3.12.12/Frameworks/Python.framework/Versions/3.12/Python
0x0000000109468000 	/usr/local/Cellar/gettext/0.26_1/lib/libintl.8.dylib
0x00007ff81c0df000 	/System/Library/Frameworks/CoreFoundation.framework/Versions/A/CoreFoundation
0x00007ff81bf24000 	/usr/lib/libobjc.A.dylib
0x00007ff826e64000 	/usr/lib/liboah.dylib
0x00007ff826e98000 	/usr/lib/libfakelink.dylib
0x00007ff81e441000 	/usr/lib/libicucore.A.dylib
0x00007ff826e96000 	/usr/lib/libSystem.B.dylib
0x00007ff826e9c000 	/System/Library/PrivateFrameworks/SoftLinking.framework/Versions/A/SoftLinking
0x00007ff81c044000 	/usr/lib/libc++abi.dylib
0x00007ff81bfeb000 	/usr/lib/libc++.1.dylib
0x00007ff826e91000 	/usr/lib/system/libcache.dylib
0x00007ff826e4d000 	/usr/lib/system/libcommonCrypto.dylib
0x00007ff826e76000 	/usr/lib/system/libcompiler_rt.dylib
0x00007ff826e6c000 	/usr/lib/system/libcopyfile.dylib
0x00007ff81be1f000 	/usr/lib/system/libcorecrypto.dylib
0x00007ff81bedd000 	/usr/lib/system/libdispatch.dylib
0x00007ff81c09e000 	/usr/lib/system/libdyld.dylib
0x00007ff826e88000 	/usr/lib/system/libkeymgr.dylib
0x00007ff826e2b000 	/usr/lib/system/libmacho.dylib
0x00007ff8264ac000 	/usr/lib/system/libquarantine.dylib
0x00007ff826e86000 	/usr/lib/system/libremovefile.dylib
0x00007ff821037000 	/usr/lib/system/libsystem_asl.dylib
0x00007ff81bdc8000 	/usr/lib/system/libsystem_blocks.dylib
0x00007ff81bf62000 	/usr/lib/system/libsystem_c.dylib
0x00007ff826e7e000 	/usr/lib/system/libsystem_collections.dylib
0x00007ff825760000 	/usr/lib/system/libsystem_configuration.dylib
0x00007ff824a09000 	/usr/lib/system/libsystem_containermanager.dylib
0x00007ff826b63000 	/usr/lib/system/libsystem_coreservices.dylib
0x00007ff81e6d5000 	/usr/lib/system/libsystem_darwin.dylib
0x00007ff826e89000 	/usr/lib/system/libsystem_dnssd.dylib
0x00007ff81bf5f000 	/usr/lib/system/libsystem_featureflags.dylib
0x00007ff81c0b4000 	/usr/lib/system/libsystem_info.dylib
0x00007ff826dc9000 	/usr/lib/system/libsystem_m.dylib
0x00007ff81beb1000 	/usr/lib/system/libsystem_malloc.dylib
0x00007ff820fd2000 	/usr/lib/system/libsystem_networkextension.dylib
0x00007ff81eaff000 	/usr/lib/system/libsystem_notify.dylib
0x00007ff82d10d000 	/usr/lib/system/libsystem_product_info_filter.dylib
0x00007ff825764000 	/usr/lib/system/libsystem_sandbox.dylib
0x00007ff826e83000 	/usr/lib/system/libsystem_secinit.dylib
0x00007ff81c05a000 	/usr/lib/system/libsystem_kernel.dylib
0x00007ff81c0aa000 	/usr/lib/system/libsystem_platform.dylib
0x00007ff81c092000 	/usr/lib/system/libsystem_pthread.dylib
0x00007ff822885000 	/usr/lib/system/libsystem_symptoms.dylib
0x00007ff81be06000 	/usr/lib/system/libsystem_trace.dylib
0x00007ff826e59000 	/usr/lib/system/libunwind.dylib
0x00007ff81bdca000 	/usr/lib/system/libxpc.dylib
0x00007ff826ed7000 	/usr/lib/libiconv.2.dylib
0x00007ff826e2a000 	/usr/lib/libcharset.1.dylib
0x00007ff82d23a000 	/System/Library/Frameworks/CoreServices.framework/Versions/A/CoreServices
0x00007ff820b43000 	/System/Library/Frameworks/CFNetwork.framework/Versions/A/CFNetwork
0x00007ff8237dc000 	/System/Library/Frameworks/CoreServices.framework/Versions/A/Frameworks/FSEvents.framework/Versions/A/FSEvents
0x00007ff81e6df000 	/System/Library/Frameworks/CoreServices.framework/Versions/A/Frameworks/CarbonCore.framework/Versions/A/CarbonCore
0x00007ff822ac6000 	/System/Library/Frameworks/CoreServices.framework/Versions/A/Frameworks/Metadata.framework/Versions/A/Metadata
0x00007ff826b68000 	/System/Library/Frameworks/CoreServices.framework/Versions/A/Frameworks/OSServices.framework/Versions/A/OSServices
0x00007ff82705f000 	/System/Library/Frameworks/CoreServices.framework/Versions/A/Frameworks/SearchKit.framework/Versions/A/SearchKit
0x00007ff82280f000 	/System/Library/Frameworks/CoreServices.framework/Versions/A/Frameworks/AE.framework/Versions/A/AE
0x00007ff81c5e2000 	/System/Library/Frameworks/CoreServices.framework/Versions/A/Frameworks/LaunchServices.framework/Versions/A/LaunchServices
0x00007ff82759b000 	/System/Library/Frameworks/CoreServices.framework/Versions/A/Frameworks/DictionaryServices.framework/Versions/A/DictionaryServices
0x00007ff8237e9000 	/System/Library/Frameworks/CoreServices.framework/Versions/A/Frameworks/SharedFileList.framework/Versions/A/SharedFileList
0x00007ff81ea45000 	/System/Library/Frameworks/IOKit.framework/Versions/A/IOKit
0x00007ff81e0e6000 	/System/Library/Frameworks/Security.framework/Versions/A/Security
0x00007ff81cc6e000 	/System/Library/Frameworks/SystemConfiguration.framework/Versions/A/SystemConfiguration
0x00007ff8270ea000 	/usr/lib/libapple_nghttp2.dylib
0x00007ff820152000 	/usr/lib/libnetwork.dylib
0x00007ff8224a4000 	/usr/lib/libsqlite3.dylib
0x00007ff826db6000 	/usr/lib/libz.1.dylib
0x00007ff81cf5c000 	/System/Library/Frameworks/Foundation.framework/Versions/C/Foundation
0x00007ff822a73000 	/usr/lib/libDiagnosticMessagesClient.dylib
0x00007ff820fe9000 	/usr/lib/libenergytrace.dylib
0x00007ff8264d3000 	/usr/lib/libbsm.0.dylib
0x00007ff826e31000 	/usr/lib/system/libkxld.dylib
0x00007ffb3483a000 	/usr/lib/libCoreEntitlements.dylib
0x00007ff820fea000 	/usr/lib/libMobileGestalt.dylib
0x00007ff826b45000 	/System/Library/PrivateFrameworks/AppleFSCompression.framework/Versions/A/AppleFSCompression
0x00007ff8264bb000 	/usr/lib/libcoretls.dylib
0x00007ff827604000 	/usr/lib/libcoretls_cfhelpers.dylib
0x00007ff82711a000 	/usr/lib/libpam.2.dylib
0x00007ff827673000 	/usr/lib/libxar.1.dylib
0x00007ff823811000 	/System/Library/PrivateFrameworks/CoreAutoLayout.framework/Versions/A/CoreAutoLayout
0x00007ff827120000 	/usr/lib/libcompression.dylib
0x00007ff822b62000 	/System/Library/Frameworks/DiskArbitration.framework/Versions/A/DiskArbitration
0x00007ff826fd9000 	/usr/lib/libarchive.2.dylib
0x00007ff823859000 	/usr/lib/libxml2.2.dylib
0x00007ff825770000 	/usr/lib/liblangid.dylib
0x00007ff82576c000 	/System/Library/PrivateFrameworks/AppleSystemInfo.framework/Versions/A/AppleSystemInfo
0x00007ff826106000 	/System/Library/PrivateFrameworks/IOMobileFramebuffer.framework/Versions/A/IOMobileFramebuffer
0x00007ff824a26000 	/System/Library/Frameworks/IOSurface.framework/Versions/A/IOSurface
0x00007ff826e9d000 	/usr/lib/libpcap.A.dylib
0x00007ff82287d000 	/usr/lib/libdns_services.dylib
0x00007ff8275ea000 	/usr/lib/liblzma.5.dylib
0x00007ff826b55000 	/usr/lib/libbz2.1.0.dylib
0x00007ff8264af000 	/usr/lib/libCheckFix.dylib
0x00007ff82104e000 	/System/Library/PrivateFrameworks/TCC.framework/Versions/A/TCC
0x00007ff825772000 	/System/Library/PrivateFrameworks/CoreNLP.framework/Versions/A/CoreNLP
0x00007ff822a76000 	/System/Library/PrivateFrameworks/MetadataUtilities.framework/Versions/A/MetadataUtilities
0x00007ff81cd1f000 	/usr/lib/libmecabra.dylib
0x00007ff82d4d2000 	/System/Library/Frameworks/Accelerate.framework/Versions/A/Accelerate
0x00007ff8264e3000 	/usr/lib/libmecab.dylib
0x00007ff81ccea000 	/usr/lib/libCRFSuite.dylib
0x00007ff82653d000 	/usr/lib/libgermantok.dylib
0x00007ff8270c5000 	/usr/lib/libThaiTokenizer.dylib
0x00007ff822b69000 	/System/Library/Frameworks/Accelerate.framework/Versions/A/Frameworks/vImage.framework/Versions/A/vImage
0x00007ff82d211000 	/System/Library/Frameworks/Accelerate.framework/Versions/A/Frameworks/vecLib.framework/Versions/A/vecLib
0x00007ff8276b4000 	/System/Library/Frameworks/Accelerate.framework/Versions/A/Frameworks/vecLib.framework/Versions/A/libvMisc.dylib
0x00007ff825f31000 	/System/Library/Frameworks/Accelerate.framework/Versions/A/Frameworks/vecLib.framework/Versions/A/libvDSP.dylib
0x00007ff81c95e000 	/System/Library/Frameworks/Accelerate.framework/Versions/A/Frameworks/vecLib.framework/Versions/A/libBLAS.dylib
0x00007ff8271fd000 	/System/Library/Frameworks/Accelerate.framework/Versions/A/Frameworks/vecLib.framework/Versions/A/libLAPACK.dylib
0x00007ff826540000 	/System/Library/Frameworks/Accelerate.framework/Versions/A/Frameworks/vecLib.framework/Versions/A/libLinearAlgebra.dylib
0x00007ff827102000 	/System/Library/Frameworks/Accelerate.framework/Versions/A/Frameworks/vecLib.framework/Versions/A/libSparseBLAS.dylib
0x00007ff8271f7000 	/System/Library/Frameworks/Accelerate.framework/Versions/A/Frameworks/vecLib.framework/Versions/A/libQuadrature.dylib
0x00007ff82585d000 	/System/Library/Frameworks/Accelerate.framework/Versions/A/Frameworks/vecLib.framework/Versions/A/libBNNS.dylib
0x00007ff81cbf8000 	/System/Library/Frameworks/Accelerate.framework/Versions/A/Frameworks/vecLib.framework/Versions/A/libSparse.dylib
0x00007ff822a45000 	/System/Library/PrivateFrameworks/CoreAnalytics.framework/Versions/A/CoreAnalytics
0x00007ff825856000 	/System/Library/PrivateFrameworks/LinguisticData.framework/Versions/A/LinguisticData
0x00007ff81cbae000 	/System/Library/PrivateFrameworks/Lexicon.framework/Versions/A/Lexicon
0x00007ff8276ad000 	/usr/lib/libChineseTokenizer.dylib
0x00007ff81d319000 	/System/Library/PrivateFrameworks/LanguageModeling.framework/Versions/A/LanguageModeling
0x00007ff8270c7000 	/System/Library/PrivateFrameworks/AppleSauce.framework/Versions/A/AppleSauce
0x00007ff8260f4000 	/System/Library/PrivateFrameworks/CoreEmoji.framework/Versions/A/CoreEmoji
0x00007ff826fc8000 	/usr/lib/libcmph.dylib
0x00007ff8237c0000 	/System/Library/Frameworks/OpenDirectory.framework/Versions/A/Frameworks/CFOpenDirectory.framework/Versions/A/CFOpenDirectory
0x00007ff8237b4000 	/System/Library/Frameworks/OpenDirectory.framework/Versions/A/OpenDirectory
0x00007ff827606000 	/System/Library/PrivateFrameworks/APFS.framework/Versions/A/APFS
0x00007ff82640a000 	/System/Library/Frameworks/SecurityFoundation.framework/Versions/A/SecurityFoundation
0x00007ff827681000 	/usr/lib/libutil.dylib
0x00007ff81ea09000 	/System/Library/PrivateFrameworks/CoreServicesStore.framework/Versions/A/CoreServicesStore
0x00007ff82380e000 	/usr/lib/libapp_launch_measurement.dylib
0x00007ff827685000 	/usr/lib/libxslt.1.dylib
0x00007ff826497000 	/System/Library/PrivateFrameworks/BackgroundTaskManagement.framework/Versions/A/BackgroundTaskManagement
0x00007ffa270fa000 	/System/Library/CoreServices/Encodings/libKoreanConverter.dylib
0x00000001097a0000 	/usr/local/Cellar/python@3.12/3.12.12/Frameworks/Python.framework/Versions/3.12/lib/python3.12/lib-dynload/math.cpython-312-darwin.so
0x00000001097b8000 	/usr/local/Cellar/python@3.12/3.12.12/Frameworks/Python.framework/Versions/3.12/lib/python3.12/lib-dynload/_json.cpython-312-darwin.so
0x00000001097cc000 	/usr/local/Cellar/python@3.12/3.12.12/Frameworks/Python.framework/Versions/3.12/lib/python3.12/lib-dynload/fcntl.cpython-312-darwin.so
0x00000001097dc000 	/usr/local/Cellar/python@3.12/3.12.12/Frameworks/Python.framework/Versions/3.12/lib/python3.12/lib-dynload/_posixsubprocess.cpython-312-darwin.so
0x00000001097ec000 	/usr/local/Cellar/python@3.12/3.12.12/Frameworks/Python.framework/Versions/3.12/lib/python3.12/lib-dynload/select.cpython-312-darwin.so
0x000000010996d000 	/Users/choejiheum/SKN_AI/08_nlp/.venv/lib/python3.12/site-packages/zmq/backend/cython/_zmq.abi3.so
0x000000010a469000 	/Users/choejiheum/SKN_AI/08_nlp/.venv/lib/python3.12/site-packages/zmq/.dylibs/libzmq.5.dylib
0x0000000109900000 	/Users/choejiheum/SKN_AI/08_nlp/.venv/lib/python3.12/site-packages/zmq/.dylibs/libsodium.26.dylib
0x00000001099a4000 	/usr/local/Cellar/python@3.12/3.12.12/Frameworks/Python.framework/Versions/3.12/lib/python3.12/lib-dynload/_opcode.cpython-312-darwin.so
0x00000001099b4000 	/usr/local/Cellar/python@3.12/3.12.12/Frameworks/Python.framework/Versions/3.12/lib/python3.12/lib-dynload/_struct.cpython-312-darwin.so
0x00000001099ed000 	/usr/local/Cellar/python@3.12/3.12.12/Frameworks/Python.framework/Versions/3.12/lib/python3.12/lib-dynload/_pickle.cpython-312-darwin.so
0x00000001099c8000 	/usr/local/Cellar/python@3.12/3.12.12/Frameworks/Python.framework/Versions/3.12/lib/python3.12/lib-dynload/_bisect.cpython-312-darwin.so
0x00000001099d8000 	/usr/local/Cellar/python@3.12/3.12.12/Frameworks/Python.framework/Versions/3.12/lib/python3.12/lib-dynload/_random.cpython-312-darwin.so
0x0000000109a15000 	/usr/local/Cellar/python@3.12/3.12.12/Frameworks/Python.framework/Versions/3.12/lib/python3.12/lib-dynload/_sha2.cpython-312-darwin.so
0x0000000109a2d000 	/usr/local/Cellar/python@3.12/3.12.12/Frameworks/Python.framework/Versions/3.12/lib/python3.12/lib-dynload/_heapq.cpython-312-darwin.so
0x000000010a26b000 	/usr/local/Cellar/python@3.12/3.12.12/Frameworks/Python.framework/Versions/3.12/lib/python3.12/lib-dynload/_socket.cpython-312-darwin.so
0x000000010a24f000 	/usr/local/Cellar/python@3.12/3.12.12/Frameworks/Python.framework/Versions/3.12/lib/python3.12/lib-dynload/array.cpython-312-darwin.so
0x000000010a2b4000 	/usr/local/Cellar/python@3.12/3.12.12/Frameworks/Python.framework/Versions/3.12/lib/python3.12/lib-dynload/_ssl.cpython-312-darwin.so
0x000000010a6d4000 	/usr/local/Cellar/openssl@3/3.6.3/lib/libssl.3.dylib
0x000000010acab000 	/usr/local/Cellar/openssl@3/3.6.3/lib/libcrypto.3.dylib
0x000000010a287000 	/usr/local/Cellar/python@3.12/3.12.12/Frameworks/Python.framework/Versions/3.12/lib/python3.12/lib-dynload/binascii.cpython-312-darwin.so
0x000000010a29b000 	/usr/local/Cellar/python@3.12/3.12.12/Frameworks/Python.framework/Versions/3.12/lib/python3.12/lib-dynload/_contextvars.cpython-312-darwin.so
0x000000010a2e4000 	/usr/local/Cellar/python@3.12/3.12.12/Frameworks/Python.framework/Versions/3.12/lib/python3.12/lib-dynload/_asyncio.cpython-312-darwin.so
0x000000010a300000 	/usr/local/Cellar/python@3.12/3.12.12/Frameworks/Python.framework/Versions/3.12/lib/python3.12/lib-dynload/_queue.cpython-312-darwin.so
0x000000010a310000 	/usr/local/Cellar/python@3.12/3.12.12/Frameworks/Python.framework/Versions/3.12/lib/python3.12/lib-dynload/_hashlib.cpython-312-darwin.so
0x000000010a324000 	/usr/local/Cellar/python@3.12/3.12.12/Frameworks/Python.framework/Versions/3.12/lib/python3.12/lib-dynload/_blake2.cpython-312-darwin.so
0x000000010a355000 	/usr/local/Cellar/python@3.12/3.12.12/Frameworks/Python.framework/Versions/3.12/lib/python3.12/lib-dynload/_datetime.cpython-312-darwin.so
0x000000010a338000 	/usr/local/Cellar/python@3.12/3.12.12/Frameworks/Python.framework/Versions/3.12/lib/python3.12/lib-dynload/zlib.cpython-312-darwin.so
0x0000000109452000 	/Users/choejiheum/SKN_AI/08_nlp/.venv/lib/python3.12/site-packages/tornado/speedups.abi3.so
0x000000010a5f8000 	/usr/local/Cellar/python@3.12/3.12.12/Frameworks/Python.framework/Versions/3.12/lib/python3.12/lib-dynload/_curses.cpython-312-darwin.so
0x00007ff9261bc000 	/usr/lib/libncurses.5.4.dylib
0x000000010a61c000 	/usr/local/Cellar/python@3.12/3.12.12/Frameworks/Python.framework/Versions/3.12/lib/python3.12/lib-dynload/_decimal.cpython-312-darwin.so
0x000000010a648000 	/usr/local/Cellar/mpdecimal/4.0.1/lib/libmpdec.4.0.1.dylib
0x000000010a375000 	/usr/local/Cellar/python@3.12/3.12.12/Frameworks/Python.framework/Versions/3.12/lib/python3.12/lib-dynload/termios.cpython-312-darwin.so
0x000000010a385000 	/usr/local/Cellar/python@3.12/3.12.12/Frameworks/Python.framework/Versions/3.12/lib/python3.12/lib-dynload/_bz2.cpython-312-darwin.so
0x000000010a395000 	/usr/local/Cellar/python@3.12/3.12.12/Frameworks/Python.framework/Versions/3.12/lib/python3.12/lib-dynload/_lzma.cpython-312-darwin.so
0x000000010abb0000 	/usr/local/Cellar/xz/5.8.3/lib/liblzma.5.dylib
0x000000010a674000 	/usr/local/Cellar/python@3.12/3.12.12/Frameworks/Python.framework/Versions/3.12/lib/python3.12/lib-dynload/_uuid.cpython-312-darwin.so
0x000000010a684000 	/usr/local/Cellar/python@3.12/3.12.12/Frameworks/Python.framework/Versions/3.12/lib/python3.12/lib-dynload/_csv.cpython-312-darwin.so
0x000000010abe4000 	/usr/local/Cellar/python@3.12/3.12.12/Frameworks/Python.framework/Versions/3.12/lib/python3.12/lib-dynload/_sqlite3.cpython-312-darwin.so
0x000000010b9e5000 	/usr/local/Cellar/sqlite/3.53.3/lib/libsqlite3.3.53.3.dylib
0x000000010bd3b000 	/usr/local/Cellar/python@3.12/3.12.12/Frameworks/Python.framework/Versions/3.12/lib/python3.12/lib-dynload/unicodedata.cpython-312-darwin.so
0x000000010a6ac000 	/usr/local/Cellar/python@3.12/3.12.12/Frameworks/Python.framework/Versions/3.12/lib/python3.12/lib-dynload/pyexpat.cpython-312-darwin.so
0x00007ff827ac3000 	/usr/lib/libexpat.1.dylib
0x000000010a698000 	/usr/local/Cellar/python@3.12/3.12.12/Frameworks/Python.framework/Versions/3.12/lib/python3.12/lib-dynload/_scproxy.cpython-312-darwin.so
0x000000010a6c0000 	/usr/local/Cellar/python@3.12/3.12.12/Frameworks/Python.framework/Versions/3.12/lib/python3.12/lib-dynload/_lsprof.cpython-312-darwin.so
0x000000010ac08000 	/usr/local/Cellar/python@3.12/3.12.12/Frameworks/Python.framework/Versions/3.12/lib/python3.12/lib-dynload/resource.cpython-312-darwin.so
0x000000010ac18000 	/Users/choejiheum/SKN_AI/08_nlp/.venv/lib/python3.12/site-packages/psutil/_psutil_osx.abi3.so
0x000000010ac4b000 	/usr/local/Cellar/python@3.12/3.12.12/Frameworks/Python.framework/Versions/3.12/lib/python3.12/lib-dynload/_ctypes.cpython-312-darwin.so
0x00007ff82a58c000 	/usr/lib/libffi.dylib
0x000000011155a000 	/Users/choejiheum/SKN_AI/08_nlp/.venv/lib/python3.12/site-packages/numpy/core/_multiarray_umath.cpython-312-darwin.so
0x0000000115cf7000 	/Users/choejiheum/SKN_AI/08_nlp/.venv/lib/python3.12/site-packages/numpy/.dylibs/libopenblas64_.0.dylib
0x000000011214f000 	/Users/choejiheum/SKN_AI/08_nlp/.venv/lib/python3.12/site-packages/numpy/.dylibs/libgfortran.5.dylib
0x000000010cbae000 	/Users/choejiheum/SKN_AI/08_nlp/.venv/lib/python3.12/site-packages/numpy/.dylibs/libquadmath.0.dylib
0x000000010ac6f000 	/Users/choejiheum/SKN_AI/08_nlp/.venv/lib/python3.12/site-packages/numpy/.dylibs/libgcc_s.1.1.dylib
0x000000010b9aa000 	/Users/choejiheum/SKN_AI/08_nlp/.venv/lib/python3.12/site-packages/numpy/core/_multiarray_tests.cpython-312-darwin.so
0x000000010ce05000 	/Users/choejiheum/SKN_AI/08_nlp/.venv/lib/python3.12/site-packages/numpy/linalg/_umath_linalg.cpython-312-darwin.so
0x000000010ac8d000 	/Users/choejiheum/SKN_AI/08_nlp/.venv/lib/python3.12/site-packages/numpy/fft/_pocketfft_internal.cpython-312-darwin.so
0x0000000111000000 	/Users/choejiheum/SKN_AI/08_nlp/.venv/lib/python3.12/site-packages/numpy/random/mtrand.cpython-312-darwin.so
0x000000010cf3d000 	/Users/choejiheum/SKN_AI/08_nlp/.venv/lib/python3.12/site-packages/numpy/random/bit_generator.cpython-312-darwin.so
0x000000010cf71000 	/Users/choejiheum/SKN_AI/08_nlp/.venv/lib/python3.12/site-packages/numpy/random/_common.cpython-312-darwin.so
0x00000001110ac000 	/Users/choejiheum/SKN_AI/08_nlp/.venv/lib/python3.12/site-packages/numpy/random/_bounded_integers.cpython-312-darwin.so
0x000000010cb57000 	/Users/choejiheum/SKN_AI/08_nlp/.venv/lib/python3.12/site-packages/numpy/random/_mt19937.cpython-312-darwin.so
0x000000010b9ca000 	/Users/choejiheum/SKN_AI/08_nlp/.venv/lib/python3.12/site-packages/numpy/random/_philox.cpython-312-darwin.so
0x000000010cb73000 	/Users/choejiheum/SKN_AI/08_nlp/.venv/lib/python3.12/site-packages/numpy/random/_pcg64.cpython-312-darwin.so
0x000000010bd21000 	/Users/choejiheum/SKN_AI/08_nlp/.venv/lib/python3.12/site-packages/numpy/random/_sfc64.cpython-312-darwin.so
0x00000001111d6000 	/Users/choejiheum/SKN_AI/08_nlp/.venv/lib/python3.12/site-packages/numpy/random/_generator.cpython-312-darwin.so
0x000000010cb8f000 	/Users/choejiheum/SKN_AI/08_nlp/.venv/lib/python3.12/site-packages/scipy/_lib/_ccallback_c.cpython-312-darwin.so
0x00000001147c8000 	/Users/choejiheum/SKN_AI/08_nlp/.venv/lib/python3.12/site-packages/scipy/sparse/_sparsetools.cpython-312-darwin.so
0x00000001114aa000 	/Users/choejiheum/SKN_AI/08_nlp/.venv/lib/python3.12/site-packages/scipy/sparse/_csparsetools.cpython-312-darwin.so
0x000000010cfd4000 	/Users/choejiheum/SKN_AI/08_nlp/.venv/lib/python3.12/site-packages/scipy/_cyutility.cpython-312-darwin.so
0x000000010ac39000 	/Users/choejiheum/SKN_AI/08_nlp/.venv/lib/python3.12/site-packages/wrapt/_wrappers.cpython-312-darwin.so
0x0000000109465000 	/Users/choejiheum/SKN_AI/08_nlp/.venv/lib/python3.12/site-packages/charset_normalizer/cd.cpython-312-darwin.so
0x0000000111cd6000 	/Users/choejiheum/SKN_AI/08_nlp/.venv/lib/python3.12/site-packages/ada92cb5d92a588d1b93__mypyc.cpython-312-darwin.so
0x000000011112d000 	/usr/local/Cellar/python@3.12/3.12.12/Frameworks/Python.framework/Versions/3.12/lib/python3.12/lib-dynload/_codecs_cn.cpython-312-darwin.so
0x0000000111186000 	/usr/local/Cellar/python@3.12/3.12.12/Frameworks/Python.framework/Versions/3.12/lib/python3.12/lib-dynload/_codecs_hk.cpython-312-darwin.so
0x000000010cfad000 	/usr/local/Cellar/python@3.12/3.12.12/Frameworks/Python.framework/Versions/3.12/lib/python3.12/lib-dynload/_codecs_iso2022.cpython-312-darwin.so
0x0000000111d76000 	/usr/local/Cellar/python@3.12/3.12.12/Frameworks/Python.framework/Versions/3.12/lib/python3.12/lib-dynload/_codecs_jp.cpython-312-darwin.so
0x0000000111159000 	/usr/local/Cellar/python@3.12/3.12.12/Frameworks/Python.framework/Versions/3.12/lib/python3.12/lib-dynload/_codecs_kr.cpython-312-darwin.so
0x0000000111526000 	/usr/local/Cellar/python@3.12/3.12.12/Frameworks/Python.framework/Versions/3.12/lib/python3.12/lib-dynload/_codecs_tw.cpython-312-darwin.so
0x0000000111104000 	/usr/local/Cellar/python@3.12/3.12.12/Frameworks/Python.framework/Versions/3.12/lib/python3.12/lib-dynload/_multibytecodec.cpython-312-darwin.so
0x0000000111f54000 	/Users/choejiheum/SKN_AI/08_nlp/.venv/lib/python3.12/site-packages/scipy/spatial/_ckdtree.cpython-312-darwin.so
0x0000000114c80000 	/Users/choejiheum/SKN_AI/08_nlp/.venv/lib/python3.12/site-packages/scipy/spatial/_qhull.cpython-312-darwin.so
0x00000001111b6000 	/Users/choejiheum/SKN_AI/08_nlp/.venv/lib/python3.12/site-packages/scipy/_lib/messagestream.cpython-312-darwin.so
0x0000000112088000 	/Users/choejiheum/SKN_AI/08_nlp/.venv/lib/python3.12/site-packages/scipy/linalg/_fblas.cpython-312-darwin.so
0x000000012408a000 	/Users/choejiheum/SKN_AI/08_nlp/.venv/lib/python3.12/site-packages/scipy/.dylibs/libscipy_openblas.dylib
0x00000001153c9000 	/Users/choejiheum/SKN_AI/08_nlp/.venv/lib/python3.12/site-packages/scipy/.dylibs/libgfortran.5.dylib
0x0000000111ff0000 	/Users/choejiheum/SKN_AI/08_nlp/.venv/lib/python3.12/site-packages/scipy/.dylibs/libquadmath.0.dylib
0x0000000111d53000 	/Users/choejiheum/SKN_AI/08_nlp/.venv/lib/python3.12/site-packages/scipy/.dylibs/libgcc_s.1.1.dylib
0x0000000114f62000 	/Users/choejiheum/SKN_AI/08_nlp/.venv/lib/python3.12/site-packages/scipy/linalg/_flapack.cpython-312-darwin.so
0x0000000114e50000 	/Users/choejiheum/SKN_AI/08_nlp/.venv/lib/python3.12/site-packages/scipy/linalg/_cythonized_array_utils.cpython-312-darwin.so
0x0000000115176000 	/Users/choejiheum/SKN_AI/08_nlp/.venv/lib/python3.12/site-packages/scipy/linalg/cython_lapack.cpython-312-darwin.so
0x0000000111ebe000 	/Users/choejiheum/SKN_AI/08_nlp/.venv/lib/python3.12/site-packages/scipy/linalg/_solve_toeplitz.cpython-312-darwin.so
0x0000000111ee2000 	/Users/choejiheum/SKN_AI/08_nlp/.venv/lib/python3.12/site-packages/scipy/linalg/_decomp_lu_cython.cpython-312-darwin.so
0x0000000111d31000 	/Users/choejiheum/SKN_AI/08_nlp/.venv/lib/python3.12/site-packages/scipy/linalg/_matfuncs_schur_sqrtm.cpython-312-darwin.so
0x0000000111f21000 	/Users/choejiheum/SKN_AI/08_nlp/.venv/lib/python3.12/site-packages/scipy/linalg/_matfuncs_expm.cpython-312-darwin.so
0x0000000112120000 	/Users/choejiheum/SKN_AI/08_nlp/.venv/lib/python3.12/site-packages/scipy/linalg/_linalg_pythran.cpython-312-darwin.so
0x0000000114efc000 	/Users/choejiheum/SKN_AI/08_nlp/.venv/lib/python3.12/site-packages/scipy/linalg/_decomp_update.cpython-312-darwin.so
0x0000000114eb4000 	/Users/choejiheum/SKN_AI/08_nlp/.venv/lib/python3.12/site-packages/scipy/linalg/cython_blas.cpython-312-darwin.so
0x0000000112047000 	/Users/choejiheum/SKN_AI/08_nlp/.venv/lib/python3.12/site-packages/scipy/spatial/_voronoi.cpython-312-darwin.so
0x0000000115b24000 	/Users/choejiheum/SKN_AI/08_nlp/.venv/lib/python3.12/site-packages/scipy/special/_ufuncs.cpython-312-darwin.so
0x000000012c36b000 	/Users/choejiheum/SKN_AI/08_nlp/.venv/lib/python3.12/site-packages/scipy/special/_ufuncs_cxx.cpython-312-darwin.so
0x000000011531e000 	/Users/choejiheum/SKN_AI/08_nlp/.venv/lib/python3.12/site-packages/scipy/special/_ellip_harm_2.cpython-312-darwin.so
0x000000012c1fa000 	/Users/choejiheum/SKN_AI/08_nlp/.venv/lib/python3.12/site-packages/scipy/special/_special_ufuncs.cpython-312-darwin.so
0x0000000115c0c000 	/Users/choejiheum/SKN_AI/08_nlp/.venv/lib/python3.12/site-packages/scipy/special/_gufuncs.cpython-312-darwin.so
0x0000000115375000 	/Users/choejiheum/SKN_AI/08_nlp/.venv/lib/python3.12/site-packages/scipy/special/_specfun.cpython-312-darwin.so
0x000000010cfbd000 	/Users/choejiheum/SKN_AI/08_nlp/.venv/lib/python3.12/site-packages/scipy/special/_comb.cpython-312-darwin.so
0x000000011205f000 	/Users/choejiheum/SKN_AI/08_nlp/.venv/lib/python3.12/site-packages/scipy/spatial/_hausdorff.cpython-312-darwin.so
0x0000000123f27000 	/Users/choejiheum/SKN_AI/08_nlp/.venv/lib/python3.12/site-packages/scipy/spatial/_distance_pybind.cpython-312-darwin.so
0x0000000114ee4000 	/Users/choejiheum/SKN_AI/08_nlp/.venv/lib/python3.12/site-packages/scipy/spatial/_distance_wrap.cpython-312-darwin.so
0x0000000115a98000 	/Users/choejiheum/SKN_AI/08_nlp/.venv/lib/python3.12/site-packages/scipy/spatial/transform/_rigid_transform.cpython-312-darwin.so
0x000000012c5df000 	/Users/choejiheum/SKN_AI/08_nlp/.venv/lib/python3.12/site-packages/scipy/spatial/transform/_rotation.cpython-312-darwin.so
0x0000000123fbf000 	/Users/choejiheum/SKN_AI/08_nlp/.venv/lib/python3.12/site-packages/scipy/sparse/linalg/_dsolve/_superlu.cpython-312-darwin.so
0x000000012c709000 	/Users/choejiheum/SKN_AI/08_nlp/.venv/lib/python3.12/site-packages/scipy/sparse/linalg/_eigen/arpack/_arpack.cpython-312-darwin.so
0x0000000115a42000 	/Users/choejiheum/SKN_AI/08_nlp/.venv/lib/python3.12/site-packages/scipy/sparse/linalg/_propack/_spropack.cpython-312-darwin.so
0x0000000115a66000 	/Users/choejiheum/SKN_AI/08_nlp/.venv/lib/python3.12/site-packages/scipy/sparse/linalg/_propack/_dpropack.cpython-312-darwin.so
0x0000000124017000 	/Users/choejiheum/SKN_AI/08_nlp/.venv/lib/python3.12/site-packages/scipy/sparse/linalg/_propack/_cpropack.cpython-312-darwin.so
0x000000012c687000 	/Users/choejiheum/SKN_AI/08_nlp/.venv/lib/python3.12/site-packages/scipy/sparse/linalg/_propack/_zpropack.cpython-312-darwin.so
0x0000000114f44000 	/Users/choejiheum/SKN_AI/08_nlp/.venv/lib/python3.12/site-packages/scipy/optimize/_group_columns.cpython-312-darwin.so
0x0000000115af0000 	/Users/choejiheum/SKN_AI/08_nlp/.venv/lib/python3.12/site-packages/scipy/optimize/_trlib/_trlib.cpython-312-darwin.so
0x0000000115342000 	/Users/choejiheum/SKN_AI/08_nlp/.venv/lib/python3.12/site-packages/scipy/optimize/_lbfgsb.cpython-312-darwin.so
0x000000012405b000 	/Users/choejiheum/SKN_AI/08_nlp/.venv/lib/python3.12/site-packages/scipy/optimize/_moduleTNC.cpython-312-darwin.so
0x000000011535a000 	/Users/choejiheum/SKN_AI/08_nlp/.venv/lib/python3.12/site-packages/scipy/optimize/_slsqplib.cpython-312-darwin.so
0x00000001153a9000 	/Users/choejiheum/SKN_AI/08_nlp/.venv/lib/python3.12/site-packages/scipy/optimize/_minpack.cpython-312-darwin.so
0x0000000111f02000 	/Users/choejiheum/SKN_AI/08_nlp/.venv/lib/python3.12/site-packages/scipy/optimize/_lsq/givens_elimination.cpython-312-darwin.so
0x000000010ac28000 	/Users/choejiheum/SKN_AI/08_nlp/.venv/lib/python3.12/site-packages/scipy/optimize/_zeros.cpython-312-darwin.so
0x000000012cf01000 	/Users/choejiheum/SKN_AI/08_nlp/.venv/lib/python3.12/site-packages/scipy/optimize/_highspy/_core.cpython-312-darwin.so
0x000000012c9ef000 	/Users/choejiheum/SKN_AI/08_nlp/.venv/lib/python3.12/site-packages/scipy/optimize/_highspy/_highs_options.cpython-312-darwin.so
0x000000012cafc000 	/Users/choejiheum/SKN_AI/08_nlp/.venv/lib/python3.12/site-packages/scipy/linalg/_decomp_interpolative.cpython-312-darwin.so
0x000000012c336000 	/Users/choejiheum/SKN_AI/08_nlp/.venv/lib/python3.12/site-packages/scipy/_lib/_uarray/_uarray.cpython-312-darwin.so
0x000000012cce0000 	/Users/choejiheum/SKN_AI/08_nlp/.venv/lib/python3.12/site-packages/scipy/fft/_pocketfft/pypocketfft.cpython-312-darwin.so
0x000000012c98d000 	/Users/choejiheum/SKN_AI/08_nlp/.venv/lib/python3.12/site-packages/scipy/optimize/_bglu_dense.cpython-312-darwin.so
0x0000000111f41000 	/Users/choejiheum/SKN_AI/08_nlp/.venv/lib/python3.12/site-packages/scipy/optimize/_lsap.cpython-312-darwin.so
0x000000012ca53000 	/Users/choejiheum/SKN_AI/08_nlp/.venv/lib/python3.12/site-packages/scipy/optimize/_pava_pybind.cpython-312-darwin.so
0x0000000115cc0000 	/Users/choejiheum/SKN_AI/08_nlp/.venv/lib/python3.12/site-packages/scipy/optimize/_direct.cpython-312-darwin.so
0x000000012c6e7000 	/Users/choejiheum/SKN_AI/08_nlp/.venv/lib/python3.12/site-packages/scipy/integrate/_odepack.cpython-312-darwin.so
0x000000012c9bd000 	/Users/choejiheum/SKN_AI/08_nlp/.venv/lib/python3.12/site-packages/scipy/integrate/_quadpack.cpython-312-darwin.so
0x000000012cab7000 	/Users/choejiheum/SKN_AI/08_nlp/.venv/lib/python3.12/site-packages/scipy/integrate/_vode.cpython-312-darwin.so
0x000000012ca87000 	/Users/choejiheum/SKN_AI/08_nlp/.venv/lib/python3.12/site-packages/scipy/integrate/_dop.cpython-312-darwin.so
0x000000012cca8000 	/Users/choejiheum/SKN_AI/08_nlp/.venv/lib/python3.12/site-packages/scipy/integrate/_lsoda.cpython-312-darwin.so
0x000000012ce18000 	/Users/choejiheum/SKN_AI/08_nlp/.venv/lib/python3.12/site-packages/scipy/interpolate/_fitpack.cpython-312-darwin.so
0x000000012ce91000 	/Users/choejiheum/SKN_AI/08_nlp/.venv/lib/python3.12/site-packages/scipy/interpolate/_dfitpack.cpython-312-darwin.so
0x000000012ccc8000 	/Users/choejiheum/SKN_AI/08_nlp/.venv/lib/python3.12/site-packages/scipy/interpolate/_dierckx.cpython-312-darwin.so
0x000000012d581000 	/Users/choejiheum/SKN_AI/08_nlp/.venv/lib/python3.12/site-packages/scipy/interpolate/_ppoly.cpython-312-darwin.so
0x000000012d5c9000 	/Users/choejiheum/SKN_AI/08_nlp/.venv/lib/python3.12/site-packages/scipy/interpolate/_interpnd.cpython-312-darwin.so
0x000000012d70d000 	/Users/choejiheum/SKN_AI/08_nlp/.venv/lib/python3.12/site-packages/scipy/interpolate/_rbfinterp_pythran.cpython-312-darwin.so
0x000000012ce38000 	/Users/choejiheum/SKN_AI/08_nlp/.venv/lib/python3.12/site-packages/scipy/interpolate/_rgi_cython.cpython-312-darwin.so
0x000000012d7db000 	/Users/choejiheum/SKN_AI/08_nlp/.venv/lib/python3.12/site-packages/scipy/stats/_stats.cpython-312-darwin.so
0x000000012daed000 	/Users/choejiheum/SKN_AI/08_nlp/.venv/lib/python3.12/site-packages/scipy/special/cython_special.cpython-312-darwin.so
0x000000012d765000 	/Users/choejiheum/SKN_AI/08_nlp/.venv/lib/python3.12/site-packages/scipy/stats/_biasedurn.cpython-312-darwin.so
0x000000012d791000 	/Users/choejiheum/SKN_AI/08_nlp/.venv/lib/python3.12/site-packages/scipy/stats/_stats_pythran.cpython-312-darwin.so
0x0000000112077000 	/Users/choejiheum/SKN_AI/08_nlp/.venv/lib/python3.12/site-packages/scipy/stats/_levy_stable/levyst.cpython-312-darwin.so
0x000000012ce5c000 	/Users/choejiheum/SKN_AI/08_nlp/.venv/lib/python3.12/site-packages/scipy/stats/_ansari_swilk_statistics.cpython-312-darwin.so
0x000000012de8d000 	/Users/choejiheum/SKN_AI/08_nlp/.venv/lib/python3.12/site-packages/scipy/sparse/csgraph/_shortest_path.cpython-312-darwin.so
0x000000012da7d000 	/Users/choejiheum/SKN_AI/08_nlp/.venv/lib/python3.12/site-packages/scipy/sparse/csgraph/_tools.cpython-312-darwin.so
0x000000012df55000 	/Users/choejiheum/SKN_AI/08_nlp/.venv/lib/python3.12/site-packages/scipy/sparse/csgraph/_traversal.cpython-312-darwin.so
0x000000012da53000 	/Users/choejiheum/SKN_AI/08_nlp/.venv/lib/python3.12/site-packages/scipy/sparse/csgraph/_min_spanning_tree.cpython-312-darwin.so
0x000000012def1000 	/Users/choejiheum/SKN_AI/08_nlp/.venv/lib/python3.12/site-packages/scipy/sparse/csgraph/_flow.cpython-312-darwin.so
0x000000012df21000 	/Users/choejiheum/SKN_AI/08_nlp/.venv/lib/python3.12/site-packages/scipy/sparse/csgraph/_matching.cpython-312-darwin.so
0x000000012dfb9000 	/Users/choejiheum/SKN_AI/08_nlp/.venv/lib/python3.12/site-packages/scipy/sparse/csgraph/_reordering.cpython-312-darwin.so
0x000000012dfe1000 	/Users/choejiheum/SKN_AI/08_nlp/.venv/lib/python3.12/site-packages/scipy/stats/_sobol.cpython-312-darwin.so
0x000000012daa9000 	/Users/choejiheum/SKN_AI/08_nlp/.venv/lib/python3.12/site-packages/scipy/stats/_qmc_cy.cpython-312-darwin.so
0x000000012dac9000 	/Users/choejiheum/SKN_AI/08_nlp/.venv/lib/python3.12/site-packages/scipy/stats/_rcont/rcont.cpython-312-darwin.so
0x000000012e019000 	/Users/choejiheum/SKN_AI/08_nlp/.venv/lib/python3.12/site-packages/scipy/stats/_qmvnt_cy.cpython-312-darwin.so
0x000000012e167000 	/Users/choejiheum/SKN_AI/08_nlp/.venv/lib/python3.12/site-packages/scipy/ndimage/_nd_image.cpython-312-darwin.so
0x0000000111118000 	/Users/choejiheum/SKN_AI/08_nlp/.venv/lib/python3.12/site-packages/scipy/ndimage/_rank_filter_1d.cpython-312-darwin.so
0x000000012e1cf000 	/Users/choejiheum/SKN_AI/08_nlp/.venv/lib/python3.12/site-packages/scipy/ndimage/_ni_label.cpython-312-darwin.so
0x000000012e24c000 	/Users/choejiheum/SKN_AI/08_nlp/.venv/lib/python3.12/site-packages/gensim/_matutils.cpython-312-darwin.so
0x000000012e13d000 	/Users/choejiheum/SKN_AI/08_nlp/.venv/lib/python3.12/site-packages/gensim/corpora/_mmreader.cpython-312-darwin.so
0x000000012e193000 	/usr/local/Cellar/python@3.12/3.12.12/Frameworks/Python.framework/Versions/3.12/lib/python3.12/lib-dynload/_elementtree.cpython-312-darwin.so
0x000000012e20b000 	/Users/choejiheum/SKN_AI/08_nlp/.venv/lib/python3.12/site-packages/gensim/models/word2vec_inner.cpython-312-darwin.so
0x000000012e3c6000 	/Users/choejiheum/SKN_AI/08_nlp/.venv/lib/python3.12/site-packages/gensim/models/word2vec_corpusfile.cpython-312-darwin.so
0x000000012e3fe000 	/Users/choejiheum/SKN_AI/08_nlp/.venv/lib/python3.12/site-packages/gensim/models/doc2vec_inner.cpython-312-darwin.so
0x000000012e1af000 	/Users/choejiheum/SKN_AI/08_nlp/.venv/lib/python3.12/site-packages/gensim/models/doc2vec_corpusfile.cpython-312-darwin.so
0x000000012e22f000 	/Users/choejiheum/SKN_AI/08_nlp/.venv/lib/python3.12/site-packages/gensim/models/fasttext_inner.cpython-312-darwin.so
0x000000012e38e000 	/Users/choejiheum/SKN_AI/08_nlp/.venv/lib/python3.12/site-packages/gensim/models/fasttext_corpusfile.cpython-312-darwin.so
0x000000012e550000 	/Users/choejiheum/SKN_AI/08_nlp/.venv/lib/python3.12/site-packages/gensim/models/nmf_pgd.cpython-312-darwin.so
0x000000012e3a5000 	/Users/choejiheum/SKN_AI/08_nlp/.venv/lib/python3.12/site-packages/gensim/similarities/fastss.cpython-312-darwin.so
0x000000012e67e000 	/Users/choejiheum/SKN_AI/08_nlp/.venv/lib/python3.12/site-packages/matplotlib/_c_internal_utils.cpython-312-darwin.so
0x000000012e844000 	/Users/choejiheum/SKN_AI/08_nlp/.venv/lib/python3.12/site-packages/PIL/_imaging.cpython-312-darwin.so
0x000000012e998000 	/Users/choejiheum/SKN_AI/08_nlp/.venv/lib/python3.12/site-packages/PIL/.dylibs/libtiff.6.dylib
0x000000012ea4f000 	/Users/choejiheum/SKN_AI/08_nlp/.venv/lib/python3.12/site-packages/PIL/.dylibs/libjpeg.62.4.0.dylib
0x000000012e8e4000 	/Users/choejiheum/SKN_AI/08_nlp/.venv/lib/python3.12/site-packages/PIL/.dylibs/libopenjp2.2.5.4.dylib
0x000000012e7d9000 	/Users/choejiheum/SKN_AI/08_nlp/.venv/lib/python3.12/site-packages/PIL/.dylibs/libz.1.3.1.zlib-ng.dylib
0x000000012eb3d000 	/Users/choejiheum/SKN_AI/08_nlp/.venv/lib/python3.12/site-packages/PIL/.dylibs/libxcb.1.1.0.dylib
0x000000012ebb8000 	/Users/choejiheum/SKN_AI/08_nlp/.venv/lib/python3.12/site-packages/PIL/.dylibs/liblzma.5.dylib
0x000000011154e000 	/Users/choejiheum/SKN_AI/08_nlp/.venv/lib/python3.12/site-packages/PIL/.dylibs/libXau.6.dylib
0x000000012ed51000 	/Users/choejiheum/SKN_AI/08_nlp/.venv/lib/python3.12/site-packages/matplotlib/_path.cpython-312-darwin.so
0x000000012f361000 	/Users/choejiheum/SKN_AI/08_nlp/.venv/lib/python3.12/site-packages/matplotlib/ft2font.cpython-312-darwin.so
0x000000012e7a5000 	/Users/choejiheum/SKN_AI/08_nlp/.venv/lib/python3.12/site-packages/kiwisolver/_cext.cpython-312-darwin.so
0x000000012f212000 	/Users/choejiheum/SKN_AI/08_nlp/.venv/lib/python3.12/site-packages/matplotlib/_image.cpython-312-darwin.so
0x000000010a34c000 	/Users/choejiheum/SKN_AI/08_nlp/.venv/lib/python3.12/site-packages/sklearn/__check_build/_check_build.cpython-312-darwin.so
0x0000000115cd4000 	/usr/local/Cellar/python@3.12/3.12.12/Frameworks/Python.framework/Versions/3.12/lib/python3.12/lib-dynload/_multiprocessing.cpython-312-darwin.so
0x0000000115ce4000 	/usr/local/Cellar/python@3.12/3.12.12/Frameworks/Python.framework/Versions/3.12/lib/python3.12/lib-dynload/mmap.cpython-312-darwin.so
0x000000012c356000 	/usr/local/Cellar/python@3.12/3.12.12/Frameworks/Python.framework/Versions/3.12/lib/python3.12/lib-dynload/_posixshmem.cpython-312-darwin.so
0x00000001306f2000 	/Users/choejiheum/SKN_AI/08_nlp/.venv/lib/python3.12/site-packages/pyarrow/lib.cpython-312-darwin.so
0x00000001304f6000 	/Users/choejiheum/SKN_AI/08_nlp/.venv/lib/python3.12/site-packages/pyarrow/libarrow_python.2500.dylib
0x0000000130f78000 	/Users/choejiheum/SKN_AI/08_nlp/.venv/lib/python3.12/site-packages/pyarrow/libarrow_substrait.2500.dylib
0x0000000131420000 	/Users/choejiheum/SKN_AI/08_nlp/.venv/lib/python3.12/site-packages/pyarrow/libarrow_dataset.2500.dylib
0x00000001316d2000 	/Users/choejiheum/SKN_AI/08_nlp/.venv/lib/python3.12/site-packages/pyarrow/libparquet.2500.dylib
0x0000000130d01000 	/Users/choejiheum/SKN_AI/08_nlp/.venv/lib/python3.12/site-packages/pyarrow/libarrow_acero.2500.dylib
0x0000000132b22000 	/Users/choejiheum/SKN_AI/08_nlp/.venv/lib/python3.12/site-packages/pyarrow/libarrow_compute.2500.dylib
0x0000000136872000 	/Users/choejiheum/SKN_AI/08_nlp/.venv/lib/python3.12/site-packages/pyarrow/libarrow.2500.dylib
0x00007ff82288d000 	/System/Library/Frameworks/Network.framework/Versions/A/Network
0x00007ff82248a000 	/System/Library/PrivateFrameworks/ProtocolBuffer.framework/Versions/A/ProtocolBuffer
0x0000000111d49000 	/Users/choejiheum/SKN_AI/08_nlp/.venv/lib/python3.12/site-packages/pandas/_libs/pandas_parser.cpython-312-darwin.so
0x0000000111f16000 	/Users/choejiheum/SKN_AI/08_nlp/.venv/lib/python3.12/site-packages/pandas/_libs/pandas_datetime.cpython-312-darwin.so
0x0000000130bc6000 	/Users/choejiheum/SKN_AI/08_nlp/.venv/lib/python3.12/site-packages/pandas/_libs/interval.cpython-312-darwin.so
0x0000000132627000 	/Users/choejiheum/SKN_AI/08_nlp/.venv/lib/python3.12/site-packages/pandas/_libs/hashtable.cpython-312-darwin.so
0x000000012ecfa000 	/Users/choejiheum/SKN_AI/08_nlp/.venv/lib/python3.12/site-packages/pandas/_libs/missing.cpython-312-darwin.so
0x000000012eb04000 	/Users/choejiheum/SKN_AI/08_nlp/.venv/lib/python3.12/site-packages/pandas/_libs/tslibs/dtypes.cpython-312-darwin.so
0x000000012ce7c000 	/Users/choejiheum/SKN_AI/08_nlp/.venv/lib/python3.12/site-packages/pandas/_libs/tslibs/ccalendar.cpython-312-darwin.so
0x000000012f1a9000 	/Users/choejiheum/SKN_AI/08_nlp/.venv/lib/python3.12/site-packages/pandas/_libs/_cyutility.cpython-312-darwin.so
0x000000012ed23000 	/Users/choejiheum/SKN_AI/08_nlp/.venv/lib/python3.12/site-packages/pandas/_libs/tslibs/np_datetime.cpython-312-darwin.so
0x000000012f27b000 	/Users/choejiheum/SKN_AI/08_nlp/.venv/lib/python3.12/site-packages/pandas/_libs/tslibs/conversion.cpython-312-darwin.so
0x000000012caa7000 	/Users/choejiheum/SKN_AI/08_nlp/.venv/lib/python3.12/site-packages/pandas/_libs/tslibs/base.cpython-312-darwin.so
0x0000000132816000 	/Users/choejiheum/SKN_AI/08_nlp/.venv/lib/python3.12/site-packages/pandas/_libs/tslibs/offsets.cpython-312-darwin.so
0x0000000130420000 	/Users/choejiheum/SKN_AI/08_nlp/.venv/lib/python3.12/site-packages/pandas/_libs/tslibs/timestamps.cpython-312-darwin.so
0x000000012f2a1000 	/Users/choejiheum/SKN_AI/08_nlp/.venv/lib/python3.12/site-packages/pandas/_libs/tslibs/nattype.cpython-312-darwin.so
0x0000000130ad0000 	/Users/choejiheum/SKN_AI/08_nlp/.venv/lib/python3.12/site-packages/pandas/_libs/tslibs/timedeltas.cpython-312-darwin.so
0x000000012f2cf000 	/Users/choejiheum/SKN_AI/08_nlp/.venv/lib/python3.12/site-packages/pandas/_libs/tslibs/timezones.cpython-312-darwin.so
0x000000012cae7000 	/usr/local/Cellar/python@3.12/3.12.12/Frameworks/Python.framework/Versions/3.12/lib/python3.12/lib-dynload/_zoneinfo.cpython-312-darwin.so
0x000000012ceed000 	/Users/choejiheum/SKN_AI/08_nlp/.venv/lib/python3.12/site-packages/pandas/_libs/properties.cpython-312-darwin.so
0x000000012f2f5000 	/Users/choejiheum/SKN_AI/08_nlp/.venv/lib/python3.12/site-packages/pandas/_libs/tslibs/fields.cpython-312-darwin.so
0x000000012f323000 	/Users/choejiheum/SKN_AI/08_nlp/.venv/lib/python3.12/site-packages/pandas/_libs/tslibs/tzconversion.cpython-312-darwin.so
0x0000000130492000 	/Users/choejiheum/SKN_AI/08_nlp/.venv/lib/python3.12/site-packages/pandas/_libs/tslibs/parsing.cpython-312-darwin.so
0x0000000130b3d000 	/Users/choejiheum/SKN_AI/08_nlp/.venv/lib/python3.12/site-packages/pandas/_libs/tslibs/strptime.cpython-312-darwin.so
0x0000000131b74000 	/Users/choejiheum/SKN_AI/08_nlp/.venv/lib/python3.12/site-packages/pandas/_libs/tslibs/period.cpython-312-darwin.so
0x000000012f1ce000 	/Users/choejiheum/SKN_AI/08_nlp/.venv/lib/python3.12/site-packages/pandas/_libs/tslibs/vectorized.cpython-312-darwin.so
0x000000012d7c5000 	/Users/choejiheum/SKN_AI/08_nlp/.venv/lib/python3.12/site-packages/pandas/_libs/ops_dispatch.cpython-312-darwin.so
0x0000000133c7b000 	/Users/choejiheum/SKN_AI/08_nlp/.venv/lib/python3.12/site-packages/pandas/_libs/algos.cpython-312-darwin.so
0x0000000132a0c000 	/Users/choejiheum/SKN_AI/08_nlp/.venv/lib/python3.12/site-packages/pandas/_libs/lib.cpython-312-darwin.so
0x0000000133f4d000 	/Users/choejiheum/SKN_AI/08_nlp/.venv/lib/python3.12/site-packages/pyarrow/_compute.cpython-312-darwin.so
0x000000012f1e7000 	/Users/choejiheum/SKN_AI/08_nlp/.venv/lib/python3.12/site-packages/pandas/_libs/ops.cpython-312-darwin.so
0x000000012e975000 	/Users/choejiheum/SKN_AI/08_nlp/.venv/lib/python3.12/site-packages/pandas/_libs/hashing.cpython-312-darwin.so
0x00000001306cd000 	/Users/choejiheum/SKN_AI/08_nlp/.venv/lib/python3.12/site-packages/pandas/_libs/arrays.cpython-312-darwin.so
0x0000000130b6c000 	/Users/choejiheum/SKN_AI/08_nlp/.venv/lib/python3.12/site-packages/pandas/_libs/tslib.cpython-312-darwin.so
0x000000013427d000 	/Users/choejiheum/SKN_AI/08_nlp/.venv/lib/python3.12/site-packages/pandas/_libs/sparse.cpython-312-darwin.so
0x0000000130f32000 	/Users/choejiheum/SKN_AI/08_nlp/.venv/lib/python3.12/site-packages/pandas/_libs/internals.cpython-312-darwin.so
0x000000012e988000 	/Users/choejiheum/SKN_AI/08_nlp/.venv/lib/python3.12/site-packages/pandas/_libs/indexing.cpython-312-darwin.so
0x000000013443c000 	/Users/choejiheum/SKN_AI/08_nlp/.venv/lib/python3.12/site-packages/pandas/_libs/index.cpython-312-darwin.so
0x0000000130b8e000 	/Users/choejiheum/SKN_AI/08_nlp/.venv/lib/python3.12/site-packages/pandas/_libs/writers.cpython-312-darwin.so
0x00000001345e7000 	/Users/choejiheum/SKN_AI/08_nlp/.venv/lib/python3.12/site-packages/pandas/_libs/join.cpython-312-darwin.so
0x000000012eb27000 	/usr/local/Cellar/python@3.12/3.12.12/Frameworks/Python.framework/Versions/3.12/lib/python3.12/lib-dynload/grp.cpython-312-darwin.so
0x000000013259d000 	/Users/choejiheum/SKN_AI/08_nlp/.venv/lib/python3.12/site-packages/pandas/_libs/window/aggregations.cpython-312-darwin.so
0x0000000130cbe000 	/Users/choejiheum/SKN_AI/08_nlp/.venv/lib/python3.12/site-packages/pandas/_libs/window/indexers.cpython-312-darwin.so
0x0000000131bc9000 	/Users/choejiheum/SKN_AI/08_nlp/.venv/lib/python3.12/site-packages/pandas/_libs/reshape.cpython-312-darwin.so
0x0000000134bf1000 	/Users/choejiheum/SKN_AI/08_nlp/.venv/lib/python3.12/site-packages/pandas/_libs/groupby.cpython-312-darwin.so
0x000000012f34b000 	/Users/choejiheum/SKN_AI/08_nlp/.venv/lib/python3.12/site-packages/pandas/_libs/json.cpython-312-darwin.so
0x0000000132a9e000 	/Users/choejiheum/SKN_AI/08_nlp/.venv/lib/python3.12/site-packages/pandas/_libs/parsers.cpython-312-darwin.so
0x0000000130ba7000 	/Users/choejiheum/SKN_AI/08_nlp/.venv/lib/python3.12/site-packages/pandas/_libs/testing.cpython-312-darwin.so
0x00000001304ca000 	/usr/local/Cellar/python@3.12/3.12.12/Frameworks/Python.framework/Versions/3.12/lib/python3.12/lib-dynload/cmath.cpython-312-darwin.so
0x00000001304de000 	/Users/choejiheum/SKN_AI/08_nlp/.venv/lib/python3.12/site-packages/sklearn/utils/_isfinite.cpython-312-darwin.so
0x0000000132566000 	/Users/choejiheum/SKN_AI/08_nlp/.venv/lib/python3.12/site-packages/sklearn/_cyutility.cpython-312-darwin.so
0x00000001344ed000 	/Users/choejiheum/SKN_AI/08_nlp/.venv/lib/python3.12/site-packages/sklearn/utils/sparsefuncs_fast.cpython-312-darwin.so
0x0000000132540000 	/Users/choejiheum/SKN_AI/08_nlp/.venv/lib/python3.12/site-packages/sklearn/utils/murmurhash.cpython-312-darwin.so
0x0000000130ce7000 	/Users/choejiheum/SKN_AI/08_nlp/.venv/lib/python3.12/site-packages/sklearn/utils/_openmp_helpers.cpython-312-darwin.so
0x0000000134fad000 	/Users/choejiheum/SKN_AI/08_nlp/.venv/lib/python3.12/site-packages/sklearn/.dylibs/libomp.dylib
0x0000000132afb000 	/Users/choejiheum/SKN_AI/08_nlp/.venv/lib/python3.12/site-packages/sklearn/utils/_seq_dataset.cpython-312-darwin.so
0x0000000133bd8000 	/Users/choejiheum/SKN_AI/08_nlp/.venv/lib/python3.12/site-packages/sklearn/utils/_random.cpython-312-darwin.so
0x000000013457f000 	/Users/choejiheum/SKN_AI/08_nlp/.venv/lib/python3.12/site-packages/sklearn/linear_model/_cd_fast.cpython-312-darwin.so
0x0000000133c2a000 	/Users/choejiheum/SKN_AI/08_nlp/.venv/lib/python3.12/site-packages/sklearn/utils/_cython_blas.cpython-312-darwin.so
0x00000001325fa000 	/Users/choejiheum/SKN_AI/08_nlp/.venv/lib/python3.12/site-packages/sklearn/metrics/cluster/_expected_mutual_info_fast.cpython-312-darwin.so
0x000000013515c000 	/Users/choejiheum/SKN_AI/08_nlp/.venv/lib/python3.12/site-packages/sklearn/metrics/_dist_metrics.cpython-312-darwin.so
0x0000000134f36000 	/Users/choejiheum/SKN_AI/08_nlp/.venv/lib/python3.12/site-packages/sklearn/metrics/_pairwise_distances_reduction/_argkmin.cpython-312-darwin.so
0x0000000134f04000 	/Users/choejiheum/SKN_AI/08_nlp/.venv/lib/python3.12/site-packages/sklearn/metrics/_pairwise_distances_reduction/_base.cpython-312-darwin.so
0x0000000135223000 	/Users/choejiheum/SKN_AI/08_nlp/.venv/lib/python3.12/site-packages/sklearn/metrics/_pairwise_distances_reduction/_datasets_pair.cpython-312-darwin.so
0x0000000135270000 	/Users/choejiheum/SKN_AI/08_nlp/.venv/lib/python3.12/site-packages/sklearn/metrics/_pairwise_distances_reduction/_middle_term_computer.cpython-312-darwin.so
0x000000010bd35000 	/Users/choejiheum/SKN_AI/08_nlp/.venv/lib/python3.12/site-packages/sklearn/utils/_heap.cpython-312-darwin.so
0x000000013260d000 	/Users/choejiheum/SKN_AI/08_nlp/.venv/lib/python3.12/site-packages/sklearn/utils/_sorting.cpython-312-darwin.so
0x0000000133f21000 	/Users/choejiheum/SKN_AI/08_nlp/.venv/lib/python3.12/site-packages/sklearn/metrics/_pairwise_distances_reduction/_argkmin_classmode.cpython-312-darwin.so
0x00000001351d7000 	/Users/choejiheum/SKN_AI/08_nlp/.venv/lib/python3.12/site-packages/sklearn/metrics/_pairwise_distances_reduction/_radius_neighbors.cpython-312-darwin.so
0x0000000133c59000 	/Users/choejiheum/SKN_AI/08_nlp/.venv/lib/python3.12/site-packages/sklearn/utils/_vector_sentinel.cpython-312-darwin.so
0x0000000134f6b000 	/Users/choejiheum/SKN_AI/08_nlp/.venv/lib/python3.12/site-packages/sklearn/metrics/_pairwise_distances_reduction/_radius_neighbors_classmode.cpython-312-darwin.so
0x00000001352bc000 	/Users/choejiheum/SKN_AI/08_nlp/.venv/lib/python3.12/site-packages/sklearn/metrics/_pairwise_fast.cpython-312-darwin.so
0x000000013551c000 	/Users/choejiheum/SKN_AI/08_nlp/.venv/lib/python3.12/site-packages/sklearn/preprocessing/_csr_polynomial_expansion.cpython-312-darwin.so
0x00000001355ac000 	/Users/choejiheum/SKN_AI/08_nlp/.venv/lib/python3.12/site-packages/sklearn/preprocessing/_target_encoder_fast.cpython-312-darwin.so
0x00000001358b7000 	/Users/choejiheum/SKN_AI/08_nlp/.venv/lib/python3.12/site-packages/sklearn/_loss/_loss.cpython-312-darwin.so
0x00000001354dc000 	/Users/choejiheum/SKN_AI/08_nlp/.venv/lib/python3.12/site-packages/sklearn/utils/arrayfuncs.cpython-312-darwin.so
0x00000001354f8000 	/Users/choejiheum/SKN_AI/08_nlp/.venv/lib/python3.12/site-packages/sklearn/linear_model/_sag_fast.cpython-312-darwin.so
0x000000013555c000 	/Users/choejiheum/SKN_AI/08_nlp/.venv/lib/python3.12/site-packages/sklearn/svm/_liblinear.cpython-312-darwin.so
0x000000013574f000 	/Users/choejiheum/SKN_AI/08_nlp/.venv/lib/python3.12/site-packages/sklearn/svm/_libsvm.cpython-312-darwin.so
0x00000001357a3000 	/Users/choejiheum/SKN_AI/08_nlp/.venv/lib/python3.12/site-packages/sklearn/svm/_libsvm_sparse.cpython-312-darwin.so
0x000000013557e000 	/Users/choejiheum/SKN_AI/08_nlp/.venv/lib/python3.12/site-packages/sklearn/linear_model/_sgd_fast.cpython-312-darwin.so
0x0000000131bef000 	/Users/choejiheum/SKN_AI/08_nlp/.venv/lib/python3.12/site-packages/sklearn/utils/_weight_vector.cpython-312-darwin.so
0x0000000134f93000 	/Users/choejiheum/SKN_AI/08_nlp/.venv/lib/python3.12/site-packages/sklearn/decomposition/_online_lda_fast.cpython-312-darwin.so
0x0000000133bfb000 	/Users/choejiheum/SKN_AI/08_nlp/.venv/lib/python3.12/site-packages/sklearn/decomposition/_cdnmf_fast.cpython-312-darwin.so
0x0000000135c75000 	/Users/choejiheum/SKN_AI/08_nlp/.venv/lib/python3.12/site-packages/matplotlib/backends/_backend_agg.cpython-312-darwin.so
0x000000012da6f000 	/Users/choejiheum/SKN_AI/08_nlp/.venv/lib/python3.12/site-packages/PIL/_imagingmath.cpython-312-darwin.so
0x00000001357ea000 	/Users/choejiheum/SKN_AI/08_nlp/.venv/lib/python3.12/site-packages/_jpype.so
0x0000000135210000 	/usr/local/Cellar/openjdk/13.0.2+8_2/libexec/openjdk.jdk/Contents/Home/lib/libjli.dylib
0x00007ff832f2a000 	/System/Library/Frameworks/Cocoa.framework/Versions/A/Cocoa
0x00007ff81eb5d000 	/System/Library/Frameworks/AppKit.framework/Versions/C/AppKit
0x00007ff822073000 	/System/Library/Frameworks/CoreData.framework/Versions/A/CoreData
0x00007ff81f9ed000 	/System/Library/PrivateFrameworks/UIFoundation.framework/Versions/A/UIFoundation
0x00007ff82ce10000 	/System/Library/PrivateFrameworks/RemoteViewServices.framework/Versions/A/RemoteViewServices
0x00007ff8250e9000 	/System/Library/PrivateFrameworks/XCTTargetBootstrap.framework/Versions/A/XCTTargetBootstrap
0x00007ff828ca6000 	/System/Library/PrivateFrameworks/InternationalSupport.framework/Versions/A/InternationalSupport
0x00007ff828d30000 	/System/Library/PrivateFrameworks/UserActivity.framework/Versions/A/UserActivity
0x00007ff82807e000 	/usr/lib/libspindump.dylib
0x00007ff81fc7c000 	/System/Library/Frameworks/UniformTypeIdentifiers.framework/Versions/A/UniformTypeIdentifiers
0x00007ff824a41000 	/System/Library/Frameworks/Metal.framework/Versions/A/Metal
0x00007ff8250ee000 	/System/Library/PrivateFrameworks/CoreSVG.framework/Versions/A/CoreSVG
0x00007ff821067000 	/System/Library/PrivateFrameworks/SkyLight.framework/Versions/A/SkyLight
0x00007ff821406000 	/System/Library/Frameworks/CoreGraphics.framework/Versions/A/CoreGraphics
0x00007ff827afd000 	/System/Library/PrivateFrameworks/IconServices.framework/Versions/A/IconServices
0x00007ff830bce000 	/System/Library/Frameworks/ApplicationServices.framework/Versions/A/ApplicationServices
0x00007ff8250d5000 	/System/Library/PrivateFrameworks/DFRFoundation.framework/Versions/A/DFRFoundation
0x00007ff829a9c000 	/System/Library/Frameworks/AudioToolbox.framework/Versions/A/AudioToolbox
0x00007ff828cb2000 	/System/Library/PrivateFrameworks/DataDetectorsCore.framework/Versions/A/DataDetectorsCore
0x00007ff9251b6000 	/System/Library/PrivateFrameworks/TextInput.framework/Versions/A/TextInput
0x00007ff824de1000 	/System/Library/Frameworks/Carbon.framework/Versions/A/Frameworks/HIToolbox.framework/Versions/A/HIToolbox
0x00007ff823210000 	/System/Library/Frameworks/QuartzCore.framework/Versions/A/QuartzCore
0x00007ff82ce48000 	/System/Library/Frameworks/Carbon.framework/Versions/A/Frameworks/SpeechRecognition.framework/Versions/A/SpeechRecognition
0x00007ff82356e000 	/System/Library/PrivateFrameworks/CoreUI.framework/Versions/A/CoreUI
0x00007ff81d9b0000 	/System/Library/Frameworks/CoreAudio.framework/Versions/A/CoreAudio
0x00007ff82846f000 	/System/Library/PrivateFrameworks/MultitouchSupport.framework/Versions/A/MultitouchSupport
0x00007ff8237a8000 	/System/Library/PrivateFrameworks/PerformanceAnalysis.framework/Versions/A/PerformanceAnalysis
0x00007ffa34e84000 	/System/Library/Frameworks/OpenGL.framework/Versions/A/OpenGL
0x00007ff8263d2000 	/System/Library/PrivateFrameworks/MobileKeyBag.framework/Versions/A/MobileKeyBag
0x00007ff821ad2000 	/System/Library/Frameworks/ColorSync.framework/Versions/A/ColorSync
0x00007ff825366000 	/System/Library/Frameworks/CoreImage.framework/Versions/A/CoreImage
0x00007ff81d7c4000 	/System/Library/Frameworks/CoreText.framework/Versions/A/CoreText
0x00007ff82511e000 	/System/Library/Frameworks/ImageIO.framework/Versions/A/ImageIO
0x00007ff828bd9000 	/System/Library/PrivateFrameworks/TextureIO.framework/Versions/A/TextureIO
0x00007ff82780e000 	/usr/lib/libate.dylib
0x00007ff828af9000 	/System/Library/Frameworks/ImageIO.framework/Versions/A/Resources/libRadiance.dylib
0x00007ff828b02000 	/System/Library/Frameworks/ImageIO.framework/Versions/A/Resources/libJPEG.dylib
0x00007ff828a4e000 	/System/Library/Frameworks/ImageIO.framework/Versions/A/Resources/libPng.dylib
0x00007ff828a6f000 	/System/Library/Frameworks/ImageIO.framework/Versions/A/Resources/libTIFF.dylib
0x00007ff828b62000 	/System/Library/Frameworks/ImageIO.framework/Versions/A/Resources/libGIF.dylib
0x00007ff828388000 	/System/Library/Frameworks/ImageIO.framework/Versions/A/Resources/libJP2.dylib
0x00007ff82833d000 	/System/Library/PrivateFrameworks/AppleJPEG.framework/Versions/A/AppleJPEG
0x00007ff824ca6000 	/System/Library/PrivateFrameworks/FontServices.framework/libFontParser.dylib
0x00007ff8227b9000 	/System/Library/PrivateFrameworks/RunningBoardServices.framework/Versions/A/RunningBoardServices
0x00007ff8334e5000 	/System/Library/PrivateFrameworks/IOSurfaceAccelerator.framework/Versions/A/IOSurfaceAccelerator
0x00007ff82846b000 	/System/Library/PrivateFrameworks/WatchdogClient.framework/Versions/A/WatchdogClient
0x00007ff81d407000 	/System/Library/Frameworks/CoreDisplay.framework/Versions/A/CoreDisplay
0x00007ff824ba4000 	/System/Library/Frameworks/CoreMedia.framework/Versions/A/CoreMedia
0x00007ff824a38000 	/System/Library/PrivateFrameworks/IOAccelerator.framework/Versions/A/IOAccelerator
0x00007ff82393d000 	/System/Library/Frameworks/CoreVideo.framework/Versions/A/CoreVideo
0x00007ff827118000 	/System/Library/Frameworks/MetalPerformanceShaders.framework/Versions/A/MetalPerformanceShaders
0x00007ff8284a8000 	/System/Library/Frameworks/VideoToolbox.framework/Versions/A/VideoToolbox
0x00007ff822703000 	/System/Library/PrivateFrameworks/BaseBoard.framework/Versions/A/BaseBoard
0x00007ff828af2000 	/System/Library/PrivateFrameworks/GPUWrangler.framework/Versions/A/GPUWrangler
0x00007ff828ad6000 	/System/Library/PrivateFrameworks/IOPresentment.framework/Versions/A/IOPresentment
0x00007ff828afc000 	/System/Library/PrivateFrameworks/DSExternalDisplay.framework/Versions/A/DSExternalDisplay
0x00007ffa34e78000 	/System/Library/Frameworks/OpenGL.framework/Versions/A/Libraries/libCoreFSCache.dylib
0x00007ffb21f4d000 	/System/Library/PrivateFrameworks/GPUCompiler.framework/Versions/31001/Libraries/libGPUCompilerUtils.dylib
0x00007ff828b67000 	/System/Library/PrivateFrameworks/CMCaptureCore.framework/Versions/A/CMCaptureCore
0x00007ff82806c000 	/System/Library/PrivateFrameworks/AppServerSupport.framework/Versions/A/AppServerSupport
0x00007ff82a335000 	/System/Library/PrivateFrameworks/perfdata.framework/Versions/A/perfdata
0x00007ff81d533000 	/System/Library/PrivateFrameworks/AudioToolboxCore.framework/Versions/A/AudioToolboxCore
0x00007ff824b82000 	/System/Library/PrivateFrameworks/caulk.framework/Versions/A/caulk
0x00007ff829c47000 	/usr/lib/libAudioStatistics.dylib
0x00007ff92193b000 	/System/Library/PrivateFrameworks/SystemPolicy.framework/Versions/A/SystemPolicy
0x00007ff829ea2000 	/usr/lib/libSMC.dylib
0x00007ff832ddd000 	/System/Library/Frameworks/CoreMIDI.framework/Versions/A/CoreMIDI
0x00007ff828a1d000 	/usr/lib/libAudioToolboxUtility.dylib
0x00007ff91db5b000 	/System/Library/PrivateFrameworks/OSAServicesClient.framework/Versions/A/OSAServicesClient
0x00007ff82a342000 	/usr/lib/libperfcheck.dylib
0x00007ff9223ec000 	/usr/lib/libmis.dylib
0x00007ffa34ed3000 	/System/Library/Frameworks/OpenGL.framework/Versions/A/Libraries/libGLU.dylib
0x00007ffa34e97000 	/System/Library/Frameworks/OpenGL.framework/Versions/A/Libraries/libGFXShared.dylib
0x00007ffa350a0000 	/System/Library/Frameworks/OpenGL.framework/Versions/A/Libraries/libGL.dylib
0x00007ffa34ea0000 	/System/Library/Frameworks/OpenGL.framework/Versions/A/Libraries/libGLImage.dylib
0x00007ffa34e94000 	/System/Library/Frameworks/OpenGL.framework/Versions/A/Libraries/libCVMSPluginSupport.dylib
0x00007ffa34e7f000 	/System/Library/Frameworks/OpenGL.framework/Versions/A/Libraries/libCoreVMClient.dylib
0x00007ff8256ee000 	/System/Library/Frameworks/MetalPerformanceShaders.framework/Versions/A/Frameworks/MPSCore.framework/Versions/A/MPSCore
0x00007ff826ab0000 	/System/Library/Frameworks/MetalPerformanceShaders.framework/Versions/A/Frameworks/MPSImage.framework/Versions/A/MPSImage
0x00007ff826556000 	/System/Library/Frameworks/MetalPerformanceShaders.framework/Versions/A/Frameworks/MPSNeuralNetwork.framework/Versions/A/MPSNeuralNetwork
0x00007ff8269ca000 	/System/Library/Frameworks/MetalPerformanceShaders.framework/Versions/A/Frameworks/MPSMatrix.framework/Versions/A/MPSMatrix
0x00007ff826785000 	/System/Library/Frameworks/MetalPerformanceShaders.framework/Versions/A/Frameworks/MPSRayIntersector.framework/Versions/A/MPSRayIntersector
0x00007ff826a02000 	/System/Library/Frameworks/MetalPerformanceShaders.framework/Versions/A/Frameworks/MPSNDArray.framework/Versions/A/MPSNDArray
0x00007ffa3a958000 	/System/Library/Frameworks/MetalPerformanceShaders.framework/Versions/A/Frameworks/MPSFunctions.framework/Versions/A/MPSFunctions
0x00007ff81c83a000 	/System/Library/PrivateFrameworks/MetalTools.framework/Versions/A/MetalTools
0x00007ff82576a000 	/System/Library/PrivateFrameworks/AggregateDictionary.framework/Versions/A/AggregateDictionary
0x00007ff8278a5000 	/usr/lib/libIOReport.dylib
0x00007ffa364af000 	/System/Library/Frameworks/OpenCL.framework/Versions/A/OpenCL
0x00007ff827c0a000 	/System/Library/PrivateFrameworks/FaceCore.framework/Versions/A/FaceCore
0x00007ff827bfb000 	/System/Library/PrivateFrameworks/GraphVisualizer.framework/Versions/A/GraphVisualizer
0x00007ffb21e58000 	/System/Library/PrivateFrameworks/FontServices.framework/Versions/A/FontServices
0x00007ff828024000 	/System/Library/PrivateFrameworks/OTSVG.framework/Versions/A/OTSVG
0x00007ff823523000 	/System/Library/Frameworks/ApplicationServices.framework/Versions/A/Frameworks/ATS.framework/Versions/A/Resources/libFontRegistry.dylib
0x00007ff828074000 	/System/Library/PrivateFrameworks/FontServices.framework/libhvf.dylib
0x00007ffb21e59000 	/System/Library/PrivateFrameworks/FontServices.framework/libXTFontStaticRegistryData.dylib
0x00007ff827a73000 	/System/Library/PrivateFrameworks/AppleVA.framework/Versions/A/AppleVA
0x00007ff829c67000 	/System/Library/Frameworks/ApplicationServices.framework/Versions/A/Frameworks/ATS.framework/Versions/A/ATS
0x00007ff821bd0000 	/System/Library/Frameworks/ApplicationServices.framework/Versions/A/Frameworks/HIServices.framework/Versions/A/HIServices
0x00007ff828b71000 	/System/Library/Frameworks/ApplicationServices.framework/Versions/A/Frameworks/PrintCore.framework/Versions/A/PrintCore
0x00007ff829ff5000 	/System/Library/Frameworks/ApplicationServices.framework/Versions/A/Frameworks/QD.framework/Versions/A/QD
0x00007ff829fed000 	/System/Library/Frameworks/ApplicationServices.framework/Versions/A/Frameworks/ColorSyncLegacy.framework/Versions/A/ColorSyncLegacy
0x00007ff829c57000 	/System/Library/Frameworks/ApplicationServices.framework/Versions/A/Frameworks/SpeechSynthesis.framework/Versions/A/SpeechSynthesis
0x00007ff828b32000 	/System/Library/Frameworks/ApplicationServices.framework/Versions/A/Frameworks/ATSUI.framework/Versions/A/ATSUI
0x00007ff829f82000 	/usr/lib/libcups.2.dylib
0x00007ff82a351000 	/System/Library/Frameworks/Kerberos.framework/Versions/A/Kerberos
0x00007ff82a360000 	/System/Library/Frameworks/GSS.framework/Versions/A/GSS
0x00007ff829cd3000 	/usr/lib/libresolv.9.dylib
0x00007ff828083000 	/System/Library/PrivateFrameworks/Heimdal.framework/Versions/A/Heimdal
0x00007ff830f60000 	/System/Library/Frameworks/Kerberos.framework/Versions/A/Libraries/libHeimdalProxy.dylib
0x00007ff827ade000 	/usr/lib/libheimdal-asn1.dylib
0x00007ff82a3ab000 	/System/Library/PrivateFrameworks/CommonAuth.framework/Versions/A/CommonAuth
0x00007ff829bd9000 	/System/Library/PrivateFrameworks/AudioSession.framework/Versions/A/AudioSession
0x00007ff827b6e000 	/System/Library/PrivateFrameworks/MediaExperience.framework/Versions/A/MediaExperience
0x00007ff829a6b000 	/System/Library/PrivateFrameworks/AudioSession.framework/libSessionUtility.dylib
0x00007ff82a001000 	/System/Library/PrivateFrameworks/AudioResourceArbitration.framework/Versions/A/AudioResourceArbitration
0x00007ff82e084000 	/System/Library/PrivateFrameworks/PowerLog.framework/Versions/A/PowerLog
0x00007ff827ae7000 	/System/Library/PrivateFrameworks/IconFoundation.framework/Versions/A/IconFoundation
0x00007ff82ce38000 	/System/Library/PrivateFrameworks/SpeechRecognitionCore.framework/Versions/A/SpeechRecognitionCore
0x000000013c24a000 	/usr/local/Cellar/openjdk/13.0.2+8_2/libexec/openjdk.jdk/Contents/Home/lib/server/libjvm.dylib
0x000000012ed43000 	/usr/local/Cellar/openjdk/13.0.2+8_2/libexec/openjdk.jdk/Contents/Home/lib/libverify.dylib
0x0000000135722000 	/usr/local/Cellar/openjdk/13.0.2+8_2/libexec/openjdk.jdk/Contents/Home/lib/libjava.dylib
0x000000012d7d2000 	/usr/local/Cellar/openjdk/13.0.2+8_2/libexec/openjdk.jdk/Contents/Home/lib/libzip.dylib
0x00000001111ce000 	/usr/local/Cellar/openjdk/13.0.2+8_2/libexec/openjdk.jdk/Contents/Home/lib/libjimage.dylib
0x000000013258c000 	/usr/local/Cellar/openjdk/13.0.2+8_2/libexec/openjdk.jdk/Contents/Home/lib/libnio.dylib
0x00000001356fc000 	/usr/local/Cellar/openjdk/13.0.2+8_2/libexec/openjdk.jdk/Contents/Home/lib/libnet.dylib


VM Arguments:
jvm_args: -Dfile.encoding=UTF8 -ea -Xmx1024m 
java_command: <unknown>
java_class_path (initial): /Users/choejiheum/SKN_AI/08_nlp/.venv/lib/python3.12/site-packages/konlpy/java:/Users/choejiheum/SKN_AI/08_nlp/.venv/lib/python3.12/site-packages/konlpy/java/bin:/Users/choejiheum/SKN_AI/08_nlp/.venv/lib/python3.12/site-packages/konlpy/java/scala-library-2.12.3.jar:/Users/choejiheum/SKN_AI/08_nlp/.venv/lib/python3.12/site-packages/konlpy/java/twitter-text-1.14.7.jar:/Users/choejiheum/SKN_AI/08_nlp/.venv/lib/python3.12/site-packages/konlpy/java/komoran-3.0.jar:/Users/choejiheum/SKN_AI/08_nlp/.venv/lib/python3.12/site-packages/konlpy/java/jhannanum-0.8.4.jar:/Users/choejiheum/SKN_AI/08_nlp/.venv/lib/python3.12/site-packages/konlpy/java/open-korean-text-2.1.0.jar:/Users/choejiheum/SKN_AI/08_nlp/.venv/lib/python3.12/site-packages/konlpy/java/aho-corasick.jar:/Users/choejiheum/SKN_AI/08_nlp/.venv/lib/python3.12/site-packages/konlpy/java/kkma-2.0.jar:/Users/choejiheum/SKN_AI/08_nlp/.venv/lib/python3.12/site-packages/konlpy/java/shineware-common-1.0.jar:/Users/choejiheum/SKN_AI/08_nlp/.venv/lib/python3.12/site-packages/konlpy/java/snakeyaml-1.12.jar:/Users/choejiheum/SKN_AI/08_nlp/.venv/lib/python3.12/site-packages/konlpy/java/shineware-ds-1.0.jar:/Users/choejiheum/SKN_AI/08_nlp/.venv/lib/python3.12/site-packages/konlpy/java/jhannanum-0.8.4.jar:/Users/choejiheum/SKN_AI/08_nlp/.venv/lib/python3.12/site-packages/konlpy/java/kkma-2.0.jar:/Users/choejiheum/SKN_AI/08_nlp/.venv/lib/python3.12/site-packages/konlpy/java/aho-corasick.jar:/Users/choejiheum/SKN_AI/08_nlp/.venv/lib/python3.12/site-packages/konlpy/java/shineware-common-1.0.jar:/Users/choejiheum/SKN_AI/08_nlp/.venv/lib/python3.12/site-packages/konlpy/java/shineware-ds-1.0.jar:/Users/choejiheum/SKN_AI/08_nlp/.venv/lib/python3.12/site-packages/konlpy/java/komoran-3.0.jar:/Users/choejiheum/SKN_AI/08_nlp/.venv/lib/python3.12/site-packages/konlpy/java/snakeyaml-1.12.jar:/Users/choejiheum/SKN_AI/08_nlp/.venv/lib/python3.12/site-packages/konlpy/java/scala-library-2.12.3.jar:/Users/choejiheum/SKN_AI
Launcher Type: generic

[Global flags]
     intx CICompilerCount                          = 4                                         {product} {ergonomic}
     uint ConcGCThreads                            = 2                                         {product} {ergonomic}
     uint G1ConcRefinementThreads                  = 8                                         {product} {ergonomic}
   size_t G1HeapRegionSize                         = 1048576                                   {product} {ergonomic}
    uintx GCDrainStackTargetSize                   = 64                                        {product} {ergonomic}
   size_t InitialHeapSize                          = 268435456                                 {product} {ergonomic}
   size_t MarkStackSize                            = 4194304                                   {product} {ergonomic}
   size_t MaxHeapSize                              = 1073741824                                {product} {command line}
   size_t MaxNewSize                               = 643825664                                 {product} {ergonomic}
   size_t MinHeapDeltaBytes                        = 1048576                                   {product} {ergonomic}
   size_t MinHeapSize                              = 8388608                                   {product} {ergonomic}
    uintx NonNMethodCodeHeapSize                   = 5839372                                {pd product} {ergonomic}
    uintx NonProfiledCodeHeapSize                  = 122909434                              {pd product} {ergonomic}
    uintx ProfiledCodeHeapSize                     = 122909434                              {pd product} {ergonomic}
    uintx ReservedCodeCacheSize                    = 251658240                              {pd product} {ergonomic}
     bool SegmentedCodeCache                       = true                                      {product} {ergonomic}
   size_t SoftMaxHeapSize                          = 1073741824                             {manageable} {ergonomic}
     bool UseCompressedClassPointers               = true                                 {lp64_product} {ergonomic}
     bool UseCompressedOops                        = true                                 {lp64_product} {ergonomic}
     bool UseG1GC                                  = true                                      {product} {ergonomic}

Logging:
Log output configuration:
 #0: stdout all=warning uptime,level,tags
 #1: stderr all=off uptime,level,tags

Environment Variables:
PATH=/Users/choejiheum/SKN_AI/08_nlp/.venv/bin:/Users/choejiheum/.npm-global/bin:/usr/local/opt/mysql@8.0/bin:/Users/choejiheum/.local/bin:/usr/local/bin:/Users/choejiheum/miniforge3/condabin:/Library/Frameworks/Python.framework/Versions/3.14/bin:/usr/local/bin:/usr/bin:/bin:/usr/sbin:/sbin:/usr/local/share/dotnet:~/.dotnet/tools:/Library/Apple/usr/bin:/Library/Frameworks/Mono.framework/Versions/Current/Commands
SHELL=/bin/zsh

Signal Handlers:
SIGSEGV: [libjvm.dylib+0x7f0282], sa_mask[0]=11111111011111110111111111111111, sa_flags=SA_ONSTACK|SA_RESTART|SA_SIGINFO
SIGBUS: [libjvm.dylib+0x7f0282], sa_mask[0]=11111111011111110111111111111111, sa_flags=SA_RESTART|SA_SIGINFO
SIGFPE: [libjvm.dylib+0x7f0282], sa_mask[0]=11111111011111110111111111111111, sa_flags=SA_RESTART|SA_SIGINFO
SIGPIPE: [libjvm.dylib+0x6357e1], sa_mask[0]=11111111011111110111111111111111, sa_flags=SA_RESTART|SA_SIGINFO
SIGXFSZ: [libjvm.dylib+0x6357e1], sa_mask[0]=11111111011111110111111111111111, sa_flags=SA_RESTART|SA_SIGINFO
SIGILL: [libjvm.dylib+0x7f0282], sa_mask[0]=11111111011111110111111111111111, sa_flags=SA_RESTART|SA_SIGINFO
SIGUSR2: [libjvm.dylib+0x635db6], sa_mask[0]=00000000000000000000000000000000, sa_flags=SA_RESTART|SA_SIGINFO
SIGHUP: [libjvm.dylib+0x634daf], sa_mask[0]=11111111011111110111111111111111, sa_flags=SA_RESTART|SA_SIGINFO
SIGINT: SIG_IGN, sa_mask[0]=00000000000000000000000000000000, sa_flags=SA_ONSTACK
SIGTERM: [libjvm.dylib+0x634daf], sa_mask[0]=11111111011111110111111111111111, sa_flags=SA_RESTART|SA_SIGINFO
SIGQUIT: [libjvm.dylib+0x634daf], sa_mask[0]=11111111011111110111111111111111, sa_flags=SA_RESTART|SA_SIGINFO


---------------  S Y S T E M  ---------------

OS:uname:Darwin 21.6.0 Darwin Kernel Version 21.6.0: Mon Jun 24 00:56:10 PDT 2024; root:xnu-8020.240.18.709.2~1/RELEASE_X86_64 x86_64
rlimit: STACK 8192k, CORE 0k, NPROC 2784, NOFILE 10240, AS infinity, DATA infinity, FSIZE infinity
load average:2.10 2.33 2.63

CPU:total 8 (initial active 8) (4 cores per cpu, 2 threads per core) family 6 model 70 stepping 1, cmov, cx8, fxsr, mmx, sse, sse2, sse3, ssse3, sse4.1, sse4.2, popcnt, avx, avx2, aes, clmul, erms, lzcnt, ht, tsc, tscinvbit, bmi1, bmi2, fma

Memory: 4k page, physical 16777216k(3414340k free), swap 4194304k(1404160k free)

vm_info: OpenJDK 64-Bit Server VM (13.0.2+8) for bsd-amd64 JRE (13.0.2+8), built on Feb  6 2020 02:07:52 by "brew" with clang 4.2.1 Compatible Apple LLVM 11.0.0 (clang-1100.0.33.17)

END.
